timestamp,vel
1326.425762,0
1326.426752,0
1326.427743,0
1326.428733,0
1326.429724,0
1326.430714,0
1326.431705,0
1326.432735,0
1326.433773,0
1326.434811,0
1326.435848,0
1326.436886,0
1326.437924,0
1326.438962,0
1326.44,0
1326.441038,0
1326.442076,0
1326.443082,0
1326.444058,0
1326.445033,0
1326.446009,0
1326.446984,0
1326.44796,0
1326.448935,0
1326.449911,0
1326.450886,0
1326.451862,0
1326.452841,0
1326.45384,0
1326.454839,0
1326.455837,0
1326.456836,0
1326.457835,0
1326.458834,0
1326.459832,0
1326.460831,0
1326.46183,0
1326.462829,0
1326.463838,0
1326.464849,0
1326.465861,0
1326.466872,0
1326.467884,0
1326.468895,0
1326.469906,0
1326.470918,0
1326.471929,0
1326.472941,0
1326.473963,0
1326.474996,0
1326.476029,0
1326.477062,0
1326.478096,0
1326.479129,0
1326.480162,0
1326.481195,0
1326.482228,0
1326.483261,0
1326.48428,0
1326.485228,0
1326.486177,0
1326.487125,0
1326.488074,0
1326.489022,0
1326.48997,0
1326.490919,0
1326.491867,0
1326.492815,0
1326.493764,0
1326.4948,0
1326.495853,0
1326.496907,0
1326.49796,0
1326.499014,0
1326.500067,0
1326.50112,0
1326.502174,0
1326.503227,0
1326.504281,0
1326.505287,0
1326.506246,0
1326.507205,0
1326.508164,0
1326.509123,0
1326.510082,0
1326.51104,0
1326.511999,0
1326.512958,0
1326.513917,0
1326.514886,0
1326.515902,0
1326.516919,0
1326.517936,0
1326.518953,0
1326.51997,0
1326.520986,0
1326.522003,0
1326.52302,0
1326.524037,0
1326.525053,0
1326.526053,0
1326.527048,0
1326.528044,0
1326.52904,0
1326.530035,0
1326.531031,0
1326.532026,0
1326.533022,0
1326.534018,0
1326.535013,0
1326.536002,0
1326.536984,0
1326.537966,0
1326.538948,0
1326.53993,0
1326.540912,0
1326.541894,0
1326.542876,0
1326.543858,0
1326.54484,0
1326.545829,0
1326.546853,0
1326.547876,0
1326.5489,0
1326.549923,0
1326.550946,0
1326.55197,0
1326.552993,0
1326.554017,0
1326.55504,0
1326.556063,0
1326.557067,0
1326.558067,0
1326.559066,0
1326.560066,0
1326.561066,0
1326.562065,0
1326.563065,0
1326.564064,0
1326.565064,0
1326.566064,0
1326.567066,0
1326.56807,0
1326.569075,0
1326.57008,0
1326.571084,0
1326.572089,0
1326.573094,0
1326.574098,0
1326.575103,0
1326.576108,0
1326.577106,0
1326.578071,0
1326.579036,0
1326.580002,0
1326.580967,0
1326.581932,0
1326.582897,0
1326.583863,0
1326.584828,0
1326.585793,0
1326.586758,0
1326.587775,0
1326.588802,0
1326.589829,0
1326.590857,0
1326.591884,0
1326.592911,0
1326.593938,0
1326.594965,0
1326.595992,0
1326.597019,0
1326.598045,0
1326.599068,0
1326.600092,0
1326.601115,0
1326.602139,0
1326.603163,0
1326.604186,0
1326.60521,0
1326.606233,0
1326.607257,0
1326.608267,0
1326.609211,0
1326.610155,0
1326.611099,0
1326.612043,0
1326.612987,0
1326.613931,0
1326.614875,0
1326.615819,0
1326.616763,0
1326.617707,0
1326.618722,0
1326.619751,0
1326.620781,0
1326.62181,0
1326.622839,0
1326.623869,0
1326.624898,0
1326.625928,0
1326.626957,0
1326.627986,0
1326.629006,0
1326.630015,0
1326.631024,0
1326.632033,0
1326.633042,0
1326.634051,0
1326.63506,0
1326.63607,0
1326.637079,0
1326.638088,0
1326.639089,0
1326.640053,0
1326.641017,0
1326.641981,0
1326.642944,0
1326.643908,0
1326.644872,0
1326.645835,0
1326.646799,0
1326.647763,0
1326.648727,0
1326.649767,0
1326.650824,0
1326.65188,0
1326.652936,0
1326.653992,0
1326.655049,0
1326.656105,0
1326.657161,0
1326.658217,0
1326.659274,0
1326.66028,0
1326.661236,0
1326.662192,0
1326.663148,0
1326.664104,0
1326.665061,0
1326.666017,0
1326.666973,0
1326.667929,0
1326.668885,0
1326.669847,0
1326.670834,0
1326.671821,0
1326.672808,0
1326.673796,0
1326.674783,0
1326.67577,170.45452880859375
1326.676757,170.454559326171875
1326.677744,170.454559326171875
1326.678732,170.454498291015625
1326.679719,340.90911865234375
1326.680751,511.36358642578125
1326.681793,340.90899658203125
1326.682834,511.36370849609375
1326.683876,511.363494873046875
1326.684917,511.36370849609375
1326.685959,511.363494873046875
1326.687,511.36395263671875
1326.688041,681.8179931640625
1326.689083,511.363494873046875
1326.690124,681.8184814453125
1326.691128,681.8179931640625
1326.692094,681.8184814453125
1326.69306,681.8179931640625
1326.694027,681.8179931640625
1326.694993,852.27294921875
1326.695959,681.8179931640625
1326.696925,852.27294921875
1326.697891,852.27197265625
1326.698857,681.81890869140625
1326.699824,852.27197265625
1326.700797,852.27294921875
1326.701805,852.27294921875
1326.702814,681.8170166015625
1326.703823,852.27392578125
1326.704831,681.8179931640625
1326.70584,852.27197265625
1326.706848,852.27392578125
1326.707857,681.8179931640625
1326.708866,852.27197265625
1326.709874,852.27197265625
1326.710883,681.81988525390625
1326.711897,1022.72601318359375
1326.712912,681.8179931640625
1326.713927,852.27392578125
1326.714942,1022.72601318359375
1326.715956,852.27392578125
1326.716971,852.27197265625
1326.717986,852.27197265625
1326.719001,1022.7279052734375
1326.720016,852.27197265625
1326.721031,852.27392578125
1326.722026,852.27392578125
1326.723001,852.27197265625
1326.723976,852.27197265625
1326.724951,681.8160400390625
1326.725926,852.27581787109375
1326.726901,852.27197265625
1326.727875,852.27197265625
1326.72885,852.27197265625
1326.729825,852.27197265625
1326.7308,852.27581787109375
1326.731779,852.27197265625
1326.732778,852.27197265625
1326.733777,852.27197265625
1326.734777,852.27197265625
1326.735776,852.27197265625
1326.736775,1022.7279052734375
1326.737775,852.27197265625
1326.738774,852.27581787109375
1326.739773,852.27197265625
1326.740772,852.27197265625
1326.741772,852.27197265625
1326.742788,852.27197265625
1326.743807,852.27581787109375
1326.744826,852.27197265625
1326.745846,852.27197265625
1326.746865,852.27197265625
1326.747884,681.81988525390625
1326.748903,852.27197265625
1326.749923,852.27197265625
1326.750942,852.27197265625
1326.751961,852.27197265625
1326.752964,852.27581787109375
1326.753951,1022.72412109375
1326.754938,852.27581787109375
1326.755925,852.27197265625
1326.756912,852.27197265625
1326.757899,852.27197265625
1326.758886,852.27581787109375
1326.759873,852.27197265625
1326.76086,852.27197265625
1326.761847,852.27197265625
1326.762833,852.27197265625
1326.763811,852.27197265625
1326.76479,852.27197265625
1326.765768,1022.7279052734375
1326.766746,852.27197265625
1326.767725,852.27197265625
1326.768703,852.27197265625
1326.769681,852.27197265625
1326.77066,852.27960205078125
1326.771638,852.27197265625
1326.772616,1022.7279052734375
1326.773668,852.27197265625
1326.774734,852.27197265625
1326.775801,1022.7279052734375
1326.776867,852.27197265625
1326.777934,852.27197265625
1326.779,1022.7279052734375
1326.780067,852.27197265625
1326.781133,852.27197265625
1326.7822,1022.7279052734375
1326.783266,852.27197265625
1326.784279,852.27197265625
1326.785238,1022.7279052734375
1326.786198,852.27197265625
1326.787158,1022.7279052734375
1326.788117,852.27197265625
1326.789077,1022.7279052734375
1326.790036,852.27197265625
1326.790996,1022.7279052734375
1326.791955,852.27197265625
1326.792915,1022.7279052734375
1326.793879,852.27197265625
1326.794864,1022.7279052734375
1326.79585,1022.7279052734375
1326.796836,852.27197265625
1326.797821,1022.7279052734375
1326.798807,852.27197265625
1326.799793,1022.7279052734375
1326.800778,1022.7279052734375
1326.801764,852.27197265625
1326.80275,1022.7279052734375
1326.803735,852.27197265625
1326.804766,1022.7279052734375
1326.805807,1022.7279052734375
1326.806847,852.27197265625
1326.807887,1022.7279052734375
1326.808927,1022.7279052734375
1326.809968,1022.72027587890625
1326.811008,1022.7279052734375
1326.812048,852.27197265625
1326.813089,1022.7279052734375
1326.814129,1022.7279052734375
1326.815135,1022.7279052734375
1326.816108,1022.7279052734375
1326.817081,852.27197265625
1326.818054,1022.7279052734375
1326.819027,1022.7279052734375
1326.82,1022.7279052734375
1326.820973,1022.7279052734375
1326.821946,852.27197265625
1326.822919,1022.7279052734375
1326.823892,1022.7279052734375
1326.824867,1022.7279052734375
1326.825857,1022.7279052734375
1326.826848,852.27197265625
1326.827838,1022.72027587890625
1326.828828,1022.73553466796875
1326.829818,1022.72027587890625
1326.830808,1022.73553466796875
1326.831798,1022.72027587890625
1326.832788,1022.73553466796875
1326.833778,1022.72027587890625
1326.834768,1022.72027587890625
1326.835783,1022.73553466796875
1326.836802,852.26434326171875
1326.837822,1022.73553466796875
1326.838841,1022.72027587890625
1326.839861,1022.73553466796875
1326.84088,1022.72027587890625
1326.8419,1022.73553466796875
1326.842919,1022.72027587890625
1326.843939,1022.73553466796875
1326.844958,1022.72027587890625
1326.845962,1022.73553466796875
1326.846951,1022.72027587890625
1326.84794,1022.72027587890625
1326.848928,1022.73553466796875
1326.849917,1022.72027587890625
1326.850905,1022.73553466796875
1326.851894,1022.72027587890625
1326.852882,1022.73553466796875
1326.853871,1022.72027587890625
1326.85486,1022.73553466796875
1326.855848,1022.72027587890625
1326.856836,1022.73553466796875
1326.857824,1022.72027587890625
1326.858811,1022.72027587890625
1326.859799,1022.73553466796875
1326.860787,1022.72027587890625
1326.861775,1193.1915283203125
1326.862763,1022.72027587890625
1326.86375,1022.73553466796875
1326.864738,1022.72027587890625
1326.865726,1022.73553466796875
1326.866748,1022.72027587890625
1326.867777,1022.72027587890625
1326.868806,1022.73553466796875
1326.869835,1022.72027587890625
1326.870864,1022.73553466796875
1326.871892,1022.72027587890625
1326.872921,1022.73553466796875
1326.87395,1193.17626953125
1326.874979,1022.73553466796875
1326.876008,1022.72027587890625
1326.877014,1022.72027587890625
1326.877997,1022.73553466796875
1326.878981,1022.72027587890625
1326.879964,1022.73553466796875
1326.880948,1193.17626953125
1326.881931,1022.73553466796875
1326.882915,1022.72027587890625
1326.883898,1022.73553466796875
1326.884881,1022.72027587890625
1326.885865,1022.72027587890625
1326.886849,1193.1915283203125
1326.887835,1022.72027587890625
1326.888821,1022.73553466796875
1326.889808,1022.72027587890625
1326.890794,1022.73553466796875
1326.89178,1022.72027587890625
1326.892767,1022.73553466796875
1326.893753,1193.17626953125
1326.894739,1022.72027587890625
1326.895726,1022.73553466796875
1326.896712,1022.72027587890625
1326.897737,1022.73553466796875
1326.898771,1193.17626953125
1326.899804,1022.73553466796875
1326.900837,1022.72027587890625
1326.90187,1022.72027587890625
1326.902904,1193.1915283203125
1326.903937,1022.72027587890625
1326.90497,1022.73553466796875
1326.906003,1022.72027587890625
1326.907037,1193.1915283203125
1326.908063,1022.72027587890625
1326.909082,1022.72027587890625
1326.9101,1022.73553466796875
1326.911119,1022.72027587890625
1326.912138,1193.1915283203125
1326.913157,1022.72027587890625
1326.914176,1022.73553466796875
1326.915195,1022.72027587890625
1326.916214,1193.17626953125
1326.917233,1022.73553466796875
1326.918239,1022.72027587890625
1326.919184,1193.1915283203125
1326.920128,1022.72027587890625
1326.921073,1022.73553466796875
1326.922018,1022.72027587890625
1326.922963,1022.73553466796875
1326.923907,1193.17626953125
1326.924852,1022.72027587890625
1326.925797,1022.73553466796875
1326.926741,1022.72027587890625
1326.927686,1193.1915283203125
1326.928703,1022.72027587890625
1326.929733,1022.73553466796875
1326.930764,1022.72027587890625
1326.931794,1193.17626953125
1326.932825,1022.73553466796875
1326.933856,1022.72027587890625
1326.934886,1022.73553466796875
1326.935917,1193.17626953125
1326.936948,1022.73553466796875
1326.937978,1022.72027587890625
1326.938988,1022.72027587890625
1326.939978,1193.1915283203125
1326.940968,1022.72027587890625
1326.941957,1022.73553466796875
1326.942947,1022.72027587890625
1326.943937,1193.1915283203125
1326.944927,1022.72027587890625
1326.945916,1022.72027587890625
1326.946906,1022.73553466796875
1326.947896,1193.17626953125
1326.948884,1022.73553466796875
1326.949866,1022.72027587890625
1326.950848,1193.17626953125
1326.951831,1022.73553466796875
1326.952813,1022.73553466796875
1326.953795,1193.17626953125
1326.954777,1022.73553466796875
1326.955759,1022.70501708984375
1326.956741,1193.206787109375
1326.957723,1022.70501708984375
1326.958706,1022.73553466796875
1326.959735,1193.17626953125
1326.960773,1022.73553466796875
1326.961811,1022.73553466796875
1326.96285,1193.17626953125
1326.963888,1022.73553466796875
1326.964927,1022.70501708984375
1326.965965,1022.73553466796875
1326.967003,1193.17626953125
1326.968042,1022.73553466796875
1326.96908,1022.73553466796875
1326.970089,1193.17626953125
1326.971069,1022.73553466796875
1326.972048,1022.70501708984375
1326.973028,1022.73553466796875
1326.974007,1193.17626953125
1326.974987,1022.73553466796875
1326.975966,1022.73553466796875
1326.976946,1193.17626953125
1326.977925,1022.73553466796875
1326.978905,1022.70501708984375
1326.979887,1193.17626953125
1326.980881,1022.73553466796875
1326.981876,1193.17626953125
1326.98287,1022.73553466796875
1326.983864,1022.73553466796875
1326.984858,1022.73553466796875
1326.985853,1193.17626953125
1326.986847,1022.70501708984375
1326.987841,1193.206787109375
1326.988836,1022.70501708984375
1326.98983,1022.73553466796875
1326.99085,1193.17626953125
1326.991875,1022.73553466796875
1326.992901,1022.73553466796875
1326.993926,1193.17626953125
1326.994951,1022.73553466796875
1326.995977,1022.70501708984375
1326.997002,1193.206787109375
1326.998027,1022.70501708984375
1326.999053,1193.17626953125
1327.000078,1022.73553466796875
1327.001078,1022.73553466796875
1327.002053,1022.73553466796875
1327.003027,1193.17626953125
1327.004002,1022.73553466796875
1327.004976,1022.70501708984375
1327.005951,1193.17626953125
1327.006925,1022.73553466796875
1327.0079,1022.73553466796875
1327.008875,1193.17626953125
1327.009849,1022.73553466796875
1327.010827,1022.73553466796875
1327.011822,1193.17626953125
1327.012818,1022.70501708984375
1327.013813,1022.73553466796875
1327.014808,1022.73553466796875
1327.015804,1193.17626953125
1327.016799,1022.73553466796875
1327.017794,1193.17626953125
1327.01879,1022.73553466796875
1327.019785,1022.70501708984375
1327.02078,1022.73553466796875
1327.021797,1193.17626953125
1327.022817,1022.73553466796875
1327.023838,1022.73553466796875
1327.024859,1193.17626953125
1327.025879,1022.73553466796875
1327.0269,1022.70501708984375
1327.02792,1022.73553466796875
1327.028941,1193.17626953125
1327.029962,1022.73553466796875
1327.030982,1022.73553466796875
1327.03199,1193.17626953125
1327.032985,1022.73553466796875
1327.03398,1022.70501708984375
1327.034975,1193.206787109375
1327.03597,1022.70501708984375
1327.036965,1193.206787109375
1327.03796,1022.70501708984375
1327.038955,1022.73553466796875
1327.03995,1022.73553466796875
1327.040945,1193.17626953125
1327.041945,1022.73553466796875
1327.042972,1022.70501708984375
1327.043999,1193.206787109375
1327.045026,1022.70501708984375
1327.046053,1022.73553466796875
1327.04708,1193.17626953125
1327.048107,1022.73553466796875
1327.049134,1193.17626953125
1327.050161,1022.73553466796875
1327.051188,1022.73553466796875
1327.052214,1022.70501708984375
1327.053201,1193.17626953125
1327.05418,1022.73553466796875
1327.055159,1022.73553466796875
1327.056138,1193.17626953125
1327.057117,1022.73553466796875
1327.058096,1022.73553466796875
1327.059075,1022.70501708984375
1327.060054,1193.17626953125
1327.061033,1022.73553466796875
1327.062012,1022.73553466796875
1327.062991,1193.17626953125
1327.063972,1022.73553466796875
1327.064953,1022.73553466796875
1327.065934,1193.17626953125
1327.066915,1022.70501708984375
1327.067896,1193.206787109375
1327.068877,1022.70501708984375
1327.069858,1022.73553466796875
1327.070839,1022.73553466796875
1327.07182,1193.17626953125
1327.072808,1022.73553466796875
1327.073826,1022.70501708984375
1327.074845,1193.206787109375
1327.075863,1022.70501708984375
1327.076882,1022.73553466796875
1327.077901,1193.17626953125
1327.078919,1022.73553466796875
1327.079938,1193.17626953125
1327.080957,1022.73553466796875
1327.081975,1022.73553466796875
1327.082994,1022.70501708984375
1327.083998,1193.206787109375
1327.084999,1022.70501708984375
1327.086,1022.73553466796875
1327.087001,1193.17626953125
1327.088002,1022.73553466796875
1327.089003,1022.73553466796875
1327.090004,1193.17626953125
1327.091005,1022.73553466796875
1327.092006,1022.70501708984375
1327.093007,1193.17626953125
1327.094005,1022.73553466796875
1327.095,1022.73553466796875
1327.095995,1193.17626953125
1327.09699,1022.73553466796875
1327.097985,1022.73553466796875
1327.09898,1193.17626953125
1327.099975,1022.70501708984375
1327.10097,1022.73553466796875
1327.101965,1193.17626953125
1327.10296,1022.73553466796875
1327.103951,1022.73553466796875
1327.104927,1193.17626953125
1327.105903,1022.73553466796875
1327.106879,1022.70501708984375
1327.107855,1193.206787109375
1327.108831,1022.70501708984375
1327.109807,1022.73553466796875
1327.110783,1193.17626953125
1327.111759,1022.73553466796875
1327.112735,1193.17626953125
1327.113711,1022.73553466796875
1327.114737,1022.73553466796875
1327.115772,1193.17626953125
1327.116807,1022.73553466796875
1327.117843,1022.70501708984375
1327.118878,1193.17626953125
1327.119913,1022.73553466796875
1327.120949,1193.17626953125
1327.121984,1022.73553466796875
1327.12302,1022.73553466796875
1327.124055,1193.17626953125
1327.125059,1022.73553466796875
1327.126031,1193.17626953125
1327.127003,1022.73553466796875
1327.127976,1022.70501708984375
1327.128948,1022.73553466796875
1327.12992,1193.17626953125
1327.130892,1022.73553466796875
1327.131865,1193.17626953125
1327.132837,1022.73553466796875
1327.133809,1022.73553466796875
1327.134793,1193.17626953125
1327.135837,1022.73553466796875
1327.136882,1022.70501708984375
1327.137926,1193.17626953125
1327.13897,1022.73553466796875
1327.140014,1193.17626953125
1327.141058,1022.73553466796875
1327.142102,1022.73553466796875
1327.143146,1193.17626953125
1327.14419,1022.73553466796875
1327.145234,1022.70501708984375
1327.146228,1193.206787109375
1327.147212,1022.70501708984375
1327.148196,1022.73553466796875
1327.14918,1193.17626953125
1327.150164,1022.73553466796875
1327.151148,1022.73553466796875
1327.152132,1193.17626953125
1327.153116,1022.73553466796875
1327.1541,1022.70501708984375
1327.155084,1193.206787109375
1327.156066,1022.70501708984375
1327.157046,1022.73553466796875
1327.158026,1193.17626953125
1327.159006,1022.73553466796875
1327.159986,1193.17626953125
1327.160966,1022.73553466796875
1327.161946,1022.73553466796875
1327.162926,1193.17626953125
1327.163906,1022.70501708984375
1327.164886,1022.73553466796875
1327.165869,1022.73553466796875
1327.166865,1193.17626953125
1327.167861,1022.73553466796875
1327.168857,1193.17626953125
1327.169853,1022.73553466796875
1327.170849,1022.70501708984375
1327.171845,1193.206787109375
1327.172841,1022.70501708984375
1327.173837,1022.73553466796875
1327.174833,1193.17626953125
1327.175829,1022.73553466796875
1327.176857,1022.73553466796875
1327.177891,1193.17626953125
1327.178925,1022.73553466796875
1327.17996,1022.70501708984375
1327.180994,1193.206787109375
1327.182029,1022.70501708984375
1327.183063,1022.73553466796875
1327.184098,1193.17626953125
1327.185132,1022.73553466796875
1327.186167,1022.73553466796875
1327.187168,1022.70501708984375
1327.188138,1193.17626953125
1327.189107,1022.76605224609375
1327.190077,1022.70501708984375
1327.191046,1193.17626953125
1327.192016,1022.70501708984375
1327.192985,1022.76605224609375
1327.193955,1193.17626953125
1327.194924,1022.70501708984375
1327.195894,1022.76605224609375
1327.196874,1193.17626953125
1327.19791,1022.70501708984375
1327.198946,1022.70501708984375
1327.199982,1193.2373046875
1327.201018,1022.70501708984375
1327.202054,1022.70501708984375
1327.20309,1193.17626953125
1327.204126,1022.76605224609375
1327.205162,1022.70501708984375
1327.206198,1193.17626953125
1327.207234,1022.76605224609375
1327.208219,1022.70501708984375
1327.209193,1193.17626953125
1327.210167,1022.70501708984375
1327.211141,1022.76605224609375
1327.212115,1022.70501708984375
1327.21309,1193.17626953125
1327.214064,1022.76605224609375
1327.215038,1022.70501708984375
1327.216012,1193.17626953125
1327.216986,1022.70501708984375
1327.21798,1022.76605224609375
1327.218994,1193.17626953125
1327.220007,1022.70501708984375
1327.221021,1022.76605224609375
1327.222035,1193.17626953125
1327.223048,1022.70501708984375
1327.224062,1022.70501708984375
1327.225076,1022.76605224609375
1327.226089,1193.17626953125
1327.227103,1022.70501708984375
1327.228111,1022.76605224609375
1327.229089,1193.17626953125
1327.230067,1022.70501708984375
1327.231045,1022.70501708984375
1327.232024,1022.76605224609375
1327.233002,1193.17626953125
1327.23398,1022.70501708984375
1327.234958,1022.76605224609375
1327.235937,1193.17626953125
1327.236915,1022.70501708984375
1327.237893,1022.70501708984375
1327.238945,1022.76605224609375
1327.240011,1193.17626953125
1327.241077,1022.70501708984375
1327.242143,1193.17626953125
1327.243209,1022.76605224609375
1327.244275,1022.70501708984375
1327.245341,1193.17626953125
1327.246407,1022.70501708984375
1327.247473,1022.76605224609375
1327.248539,1193.17626953125
1327.249542,1022.70501708984375
1327.250482,1022.76605224609375
1327.251422,1022.70501708984375
1327.252362,1193.17626953125
1327.253302,1022.70501708984375
1327.254242,1193.2373046875
1327.255182,1022.70501708984375
1327.256122,1022.70501708984375
1327.257061,1193.17626953125
1327.258001,1022.76605224609375
1327.258948,1022.70501708984375
1327.259932,1193.17626953125
1327.260916,1022.76605224609375
1327.2619,1022.70501708984375
1327.262883,1022.70501708984375
1327.263867,1193.17626953125
1327.264851,1022.76605224609375
1327.265835,1022.70501708984375
1327.266818,1193.17626953125
1327.267802,1022.76605224609375
1327.268786,1022.70501708984375
1327.269809,1193.17626953125
1327.270839,1022.70501708984375
1327.27187,1022.76605224609375
1327.2729,1193.17626953125
1327.273931,1022.70501708984375
1327.274961,1022.76605224609375
1327.275991,1193.17626953125
1327.277022,1022.70501708984375
1327.278052,1022.70501708984375
1327.279083,1193.17626953125
1327.280113,1022.76605224609375
1327.281142,1022.70501708984375
1327.282171,1193.17626953125
1327.283201,1022.76605224609375
1327.28423,1022.70501708984375
1327.285259,1193.17626953125
1327.286288,1022.70501708984375
1327.287317,1022.76605224609375
1327.288347,1193.17626953125
1327.289376,1022.70501708984375
1327.290393,1022.76605224609375
1327.291348,1193.17626953125
1327.292303,1022.70501708984375
1327.293258,1022.70501708984375
1327.294213,1193.2373046875
1327.295169,1022.70501708984375
1327.296124,1022.70501708984375
1327.297079,1193.17626953125
1327.298034,1022.76605224609375
1327.298989,1022.70501708984375
1327.299944,1193.17626953125
1327.300948,1022.76605224609375
1327.301962,1022.70501708984375
1327.302975,1193.17626953125
1327.303989,1022.70501708984375
1327.305002,1022.76605224609375
1327.306016,1193.17626953125
1327.30703,1022.70501708984375
1327.308043,1193.17626953125
1327.309057,1022.76605224609375
1327.31007,1022.70501708984375
1327.31107,1022.70501708984375
1327.312057,1193.17626953125
1327.313044,1022.76605224609375
1327.31403,1022.70501708984375
1327.315017,1193.17626953125
1327.316004,1022.76605224609375
1327.31699,1022.70501708984375
1327.317977,1193.17626953125
1327.318964,1022.70501708984375
1327.31995,1193.2373046875
1327.320936,1022.70501708984375
1327.321916,1022.70501708984375
1327.322897,1022.76605224609375
1327.323877,1193.17626953125
1327.324858,1022.70501708984375
1327.325838,1022.70501708984375
1327.326819,1193.2373046875
1327.327799,1022.70501708984375
1327.32878,1193.17626953125
1327.32976,1022.70501708984375
1327.330741,1022.76605224609375
1327.331794,1193.17626953125
1327.332862,1022.70501708984375
1327.33393,1022.76605224609375
1327.334998,1193.17626953125
1327.336066,1022.70501708984375
1327.337134,1022.70501708984375
1327.338202,1193.17626953125
1327.33927,1022.76605224609375
1327.340338,1022.70501708984375
1327.341406,1193.17626953125
1327.34241,1022.76605224609375
1327.34335,1022.70501708984375
1327.34429,1193.17626953125
1327.34523,1022.70501708984375
1327.34617,1022.76605224609375
1327.34711,1193.17626953125
1327.34805,1022.70501708984375
1327.34899,1022.76605224609375
1327.349931,1022.70501708984375
1327.350871,1193.17626953125
1327.351826,1022.70501708984375
1327.35286,1022.76605224609375
1327.353893,1193.17626953125
1327.354927,1022.70501708984375
1327.35596,1022.76605224609375
1327.356994,1193.17626953125
1327.358027,1022.70501708984375
1327.359061,1022.70501708984375
1327.360094,1193.2373046875
1327.361128,1022.70501708984375
1327.362161,1022.70501708984375
1327.363164,1193.17626953125
1327.36416,1022.76605224609375
1327.365157,1022.70501708984375
1327.366153,1193.17626953125
1327.367149,1022.76605224609375
1327.368145,1022.70501708984375
1327.369142,1022.70501708984375
1327.370138,1193.17626953125
1327.371134,1022.76605224609375
1327.372131,1193.17626953125
1327.373125,1022.70501708984375
1327.374119,1022.76605224609375
1327.375112,1193.17626953125
1327.376105,1022.70501708984375
1327.377099,1022.70501708984375
1327.378092,1022.76605224609375
1327.379086,1193.17626953125
1327.380079,1022.70501708984375
1327.381072,1193.17626953125
1327.382066,1022.76605224609375
1327.383059,1022.70501708984375
1327.384053,1193.17626953125
1327.385047,1022.70501708984375
1327.386041,1022.76605224609375
1327.387036,1193.17626953125
1327.38803,1022.70501708984375
1327.389024,1022.76605224609375
1327.390018,1022.70501708984375
1327.391012,1193.17626953125
1327.392006,1022.70501708984375
1327.393,1193.2373046875
1327.394006,1022.70501708984375
1327.395013,1022.70501708984375
1327.396021,1193.17626953125
1327.397029,1022.76605224609375
1327.398036,1022.70501708984375
1327.399044,1193.17626953125
1327.400052,1022.76605224609375
1327.401059,1022.70501708984375
1327.402067,1022.70501708984375
1327.403075,1193.17626953125
1327.404071,1022.76605224609375
1327.405056,1022.70501708984375
1327.406041,1193.17626953125
1327.407026,1022.76605224609375
1327.408011,1022.70501708984375
1327.408996,1193.17626953125
1327.409981,1022.70501708984375
1327.410966,1193.17626953125
1327.411951,1022.76605224609375
1327.412936,1022.70501708984375
1327.41392,1022.76605224609375
1327.414902,1193.17626953125
1327.415883,1022.70501708984375
1327.416864,1022.70501708984375
1327.417845,1193.17626953125
1327.418826,1022.76605224609375
1327.419807,1022.70501708984375
1327.420788,1193.17626953125
1327.421769,1022.76605224609375
1327.42275,1193.17626953125
1327.423731,1022.70501708984375
1327.424752,1022.70501708984375
1327.425782,1193.2373046875
1327.426812,1022.70501708984375
1327.427841,1022.70501708984375
1327.428871,1022.76605224609375
1327.4299,1193.17626953125
1327.43093,1022.70501708984375
1327.431959,1193.17626953125
1327.432989,1022.76605224609375
1327.434018,1022.70501708984375
1327.435024,1193.17626953125
1327.436005,1022.70501708984375
1327.436985,1022.76605224609375
1327.437966,1022.70501708984375
1327.438947,1193.17626953125
1327.439928,1022.76605224609375
1327.440909,1022.70501708984375
1327.44189,1193.17626953125
1327.442871,1022.70501708984375
1327.443852,1022.76605224609375
1327.444833,1193.17626953125
1327.44582,1022.70501708984375
1327.446807,1193.17626953125
1327.447794,1022.76605224609375
1327.44878,1022.70501708984375
1327.449767,1022.70501708984375
1327.450754,1193.17626953125
1327.451741,1022.76605224609375
1327.452727,1193.17626953125
1327.453714,1022.70501708984375
1327.454701,1022.76605224609375
1327.455724,1193.17626953125
1327.456754,1022.70501708984375
1327.457784,1022.70501708984375
1327.458813,1193.2373046875
1327.459843,1022.70501708984375
1327.460873,1022.70501708984375
1327.461903,1193.17626953125
1327.462933,1022.76605224609375
1327.463963,1193.17626953125
1327.464993,1022.70501708984375
1327.466005,1022.76605224609375
1327.466999,1193.17626953125
1327.467994,1022.70501708984375
1327.468988,1022.70501708984375
1327.469983,1193.17626953125
1327.470977,1022.76605224609375
1327.471972,1022.70501708984375
1327.472966,1193.17626953125
1327.473961,1022.76605224609375
1327.474955,1022.70501708984375
1327.475949,1193.17626953125
1327.476938,1022.70501708984375
1327.477927,1022.76605224609375
1327.478916,1193.17626953125
1327.479905,1022.70501708984375
1327.480894,1022.76605224609375
1327.481883,1193.17626953125
1327.482872,1022.70501708984375
1327.483861,1022.70501708984375
1327.48485,1193.2373046875
1327.485839,1022.70501708984375
1327.486852,1022.70501708984375
1327.48787,1193.17626953125
1327.488887,1022.76605224609375
1327.489905,1022.70501708984375
1327.490922,1022.70501708984375
1327.49194,1193.2373046875
1327.492957,1022.70501708984375
1327.493975,1022.70501708984375
1327.494992,1193.17626953125
1327.49601,1022.76605224609375
1327.497035,1193.17626953125
1327.498068,1022.70501708984375
1327.499102,1022.76605224609375
1327.500135,1193.17626953125
1327.501168,1022.70501708984375
1327.502201,1022.70501708984375
1327.503234,1022.76605224609375
1327.504267,1193.17626953125
1327.5053,1022.70501708984375
1327.506334,1022.76605224609375
1327.507354,1193.17626953125
1327.508309,1022.70501708984375
1327.509263,1022.70501708984375
1327.510218,1193.17626953125
1327.511173,1022.76605224609375
1327.512128,1022.70501708984375
1327.513083,1193.17626953125
1327.514038,1022.76605224609375
1327.514993,1022.70501708984375
1327.515948,1193.17626953125
1327.516903,1022.70501708984375
1327.517908,1022.76605224609375
1327.518923,1193.17626953125
1327.519939,1022.70501708984375
1327.520954,1022.76605224609375
1327.52197,1022.70501708984375
1327.522985,1193.17626953125
1327.524001,1022.70501708984375
1327.525016,1022.76605224609375
1327.526032,1193.17626953125
1327.527047,1022.70501708984375
1327.528051,1022.76605224609375
1327.529044,1193.17626953125
1327.530036,1022.70501708984375
1327.531029,1193.17626953125
1327.532021,1022.76605224609375
1327.533014,1022.70501708984375
1327.534006,1022.70501708984375
1327.534999,1193.17626953125
1327.535991,1022.76605224609375
1327.536984,1022.70501708984375
1327.537974,1193.17626953125
1327.538952,1022.76605224609375
1327.539931,1022.70501708984375
1327.540909,1022.70501708984375
1327.541887,1193.17626953125
1327.542866,1022.76605224609375
1327.543844,1022.70501708984375
1327.544822,1193.17626953125
1327.545801,1022.76605224609375
1327.546779,1022.70501708984375
1327.547757,1193.17626953125
1327.548805,1022.70501708984375
1327.549867,1022.76605224609375
1327.550929,1193.17626953125
1327.551991,1022.70501708984375
1327.553053,1022.76605224609375
1327.554115,1022.70501708984375
1327.555177,1193.17626953125
1327.556239,1022.70501708984375
1327.557301,1022.76605224609375
1327.558363,1193.17626953125
1327.559366,1022.70501708984375
1327.560312,1022.76605224609375
1327.561258,1193.17626953125
1327.562204,1022.70501708984375
1327.563149,1022.70501708984375
1327.564095,1193.17626953125
1327.565041,1022.76605224609375
1327.565986,1022.70501708984375
1327.566932,1022.76605224609375
1327.567878,1193.17626953125
1327.568833,1022.70501708984375
1327.569836,1022.70501708984375
1327.57084,1022.76605224609375
1327.571843,1193.17626953125
1327.572846,1022.70501708984375
1327.57385,1022.76605224609375
1327.574853,1022.70501708984375
1327.575856,1193.17626953125
1327.57686,1022.70501708984375
1327.577863,1022.76605224609375
1327.578867,1022.70501708984375
1327.57988,1193.17626953125
1327.580896,1022.76605224609375
1327.581912,1022.70501708984375
1327.582928,1193.17626953125
1327.583944,1022.70501708984375
1327.58496,1193.17626953125
1327.585975,1022.76605224609375
1327.586991,1022.70501708984375
1327.588007,1022.76605224609375
1327.589023,1193.17626953125
1327.590024,1022.70501708984375
1327.591009,1022.70501708984375
1327.591994,1193.17626953125
1327.592979,1022.76605224609375
1327.593964,1022.70501708984375
1327.594949,1022.76605224609375
1327.595934,1193.17626953125
1327.596919,1022.70501708984375
1327.597904,1022.70501708984375
1327.59889,1193.17626953125
1327.599876,1022.76605224609375
1327.60087,1022.70501708984375
1327.601864,1022.76605224609375
1327.602858,1193.17626953125
1327.603852,1022.70501708984375
1327.604847,1022.70501708984375
1327.605841,1193.17626953125
1327.606835,1022.76605224609375
1327.607829,1022.70501708984375
1327.608823,1022.76605224609375
1327.609817,1193.17626953125
1327.610837,1022.70501708984375
1327.611862,1022.70501708984375
1327.612887,1193.17626953125
1327.613912,1022.76605224609375
1327.614937,1022.70501708984375
1327.615962,1022.76605224609375
1327.616987,1193.17626953125
1327.618012,1022.70501708984375
1327.619037,1022.70501708984375
1327.620063,1193.17626953125
1327.621219,1022.76605224609375
1327.622507,1022.70501708984375
1327.623796,1022.76605224609375
1327.625084,1193.17626953125
1327.626372,1022.70501708984375
1327.62766,1022.70501708984375
1327.628949,1193.17626953125
1327.630237,1022.76605224609375
1327.631525,1022.70501708984375
1327.632813,1193.17626953125
1327.634016,1022.76605224609375
1327.634795,1022.70501708984375
1327.635574,1022.70501708984375
1327.636353,1193.17626953125
1327.637132,1022.76605224609375
1327.637911,1022.70501708984375
1327.638689,1193.17626953125
1327.639468,1022.76605224609375
1327.640247,1193.17626953125
1327.641026,1022.70501708984375
1327.641805,1022.70501708984375
1327.642716,1022.76605224609375
1327.643654,1193.17626953125
1327.644592,1022.70501708984375
1327.64553,1022.76605224609375
1327.646468,1193.17626953125
1327.647406,1022.70501708984375
1327.648344,1022.70501708984375
1327.649281,1193.2373046875
1327.650219,1022.70501708984375
1327.651157,1022.70501708984375
1327.652114,1022.76605224609375
1327.653091,1193.17626953125
1327.654067,1022.70501708984375
1327.655044,1022.70501708984375
1327.65602,1193.2373046875
1327.656997,1022.70501708984375
1327.657973,1022.70501708984375
1327.65895,1193.17626953125
1327.659926,1022.76605224609375
1327.660903,1022.70501708984375
1327.661881,1193.17626953125
1327.662869,1022.70501708984375
1327.663858,1022.70501708984375
1327.664846,1193.2373046875
1327.665834,1022.70501708984375
1327.666823,1022.70501708984375
1327.667811,1022.82708740234375
1327.668799,1193.115234375
1327.669788,1022.70501708984375
1327.670776,1022.70501708984375
1327.671764,1193.2373046875
1327.672783,1022.70501708984375
1327.673808,1022.70501708984375
1327.674834,1022.82708740234375
1327.675859,1193.115234375
1327.676884,1022.70501708984375
1327.677909,1193.2373046875
1327.678934,1022.70501708984375
1327.679959,1022.70501708984375
1327.680984,1193.2373046875
1327.68201,1022.70501708984375
1327.683016,1022.70501708984375
1327.684004,1193.2373046875
1327.684993,1022.70501708984375
1327.685981,1022.70501708984375
1327.686969,1022.70501708984375
1327.687957,1193.2373046875
1327.688946,1022.70501708984375
1327.689934,1022.70501708984375
1327.690922,1193.2373046875
1327.69191,1022.70501708984375
1327.692898,1022.70501708984375
1327.693882,1022.70501708984375
1327.694866,1193.2373046875
1327.695851,1022.70501708984375
1327.696835,1022.70501708984375
1327.697819,1193.2373046875
1327.698803,1022.70501708984375
1327.699788,1022.70501708984375
1327.700772,1193.2373046875
1327.701756,1022.70501708984375
1327.70274,1022.70501708984375
1327.70377,1022.70501708984375
1327.704809,1193.2373046875
1327.705848,1022.70501708984375
1327.706887,1022.70501708984375
1327.707926,1022.70501708984375
1327.708965,1193.2373046875
1327.710004,1022.70501708984375
1327.711043,1022.70501708984375
1327.712082,1022.70501708984375
1327.713121,1022.70501708984375
1327.714133,1193.2373046875
1327.715118,1022.70501708984375
1327.716104,1022.70501708984375
1327.71709,1022.82708740234375
1327.718075,1022.70501708984375
1327.719061,1022.70501708984375
1327.720046,1193.115234375
1327.721032,1022.82708740234375
1327.722017,1022.70501708984375
1327.723003,1022.70501708984375
1327.723998,1022.70501708984375
1327.725038,1022.70501708984375
1327.726078,1022.82708740234375
1327.727118,1022.70501708984375
1327.728158,1022.70501708984375
1327.729197,1022.70501708984375
1327.730237,1022.70501708984375
1327.731277,1193.2373046875
1327.732317,852.29486083984375
1327.733357,1193.115234375
1327.734397,852.29486083984375
1327.735409,1193.2373046875
1327.736416,1022.70501708984375
1327.737422,1022.70501708984375
1327.738428,1022.70501708984375
1327.739435,1022.70501708984375
1327.740441,1022.70501708984375
1327.741447,1022.82708740234375
1327.742453,852.17279052734375
1327.74346,1193.2373046875
1327.744466,852.29486083984375
1327.745445,1193.115234375
1327.746397,852.29486083984375
1327.747348,1022.70501708984375
1327.7483,1022.82708740234375
1327.749251,1022.70501708984375
1327.750203,1022.70501708984375
1327.751154,1022.70501708984375
1327.752106,1022.70501708984375
1327.753057,1022.70501708984375
1327.754009,1022.82708740234375
1327.754965,852.17279052734375
1327.755946,1022.82708740234375
1327.756926,1022.70501708984375
1327.757907,1022.70501708984375
1327.758887,1022.70501708984375
1327.759868,1022.70501708984375
1327.760848,1022.82708740234375
1327.761829,1022.70501708984375
1327.762809,852.29486083984375
1327.76379,1022.70501708984375
1327.76477,1022.70501708984375
1327.765793,1022.70501708984375
1327.766823,1022.70501708984375
1327.767854,852.29486083984375
1327.768885,1022.70501708984375
1327.769916,1022.70501708984375
1327.770946,1022.82708740234375
1327.771977,1022.70501708984375
1327.773008,1022.70501708984375
1327.774039,852.29486083984375
1327.775069,1022.70501708984375
1327.776079,1022.70501708984375
1327.777068,1022.70501708984375
1327.778056,852.29486083984375
1327.779044,1022.70501708984375
1327.780033,1022.82708740234375
1327.781021,1022.70501708984375
1327.78201,1022.70501708984375
1327.782998,1022.70501708984375
1327.783987,1022.70501708984375
1327.784975,852.29486083984375
1327.785967,1022.70501708984375
1327.786974,1022.70501708984375
1327.787981,1022.82708740234375
1327.788988,852.17279052734375
1327.789996,1022.82708740234375
1327.791003,1022.70501708984375
1327.79201,1022.70501708984375
1327.793017,1022.70501708984375
1327.794024,1022.70501708984375
1327.795032,852.29486083984375
1327.796039,1022.70501708984375
1327.797073,1022.82708740234375
1327.798112,1022.70501708984375
1327.799152,852.29486083984375
1327.800191,1022.70501708984375
1327.80123,1022.70501708984375
1327.80227,1022.70501708984375
1327.803309,852.29486083984375
1327.804349,1022.70501708984375
1327.805388,1022.70501708984375
1327.806427,1022.70501708984375
1327.807443,1022.82708740234375
1327.808436,852.17279052734375
1327.809428,1022.82708740234375
1327.810421,1022.70501708984375
1327.811413,852.29486083984375
1327.812406,1022.70501708984375
1327.813398,1022.70501708984375
1327.814391,852.29486083984375
1327.815383,1022.70501708984375
1327.816376,1022.70501708984375
1327.817359,852.29486083984375
1327.818301,1022.70501708984375
1327.819242,1022.70501708984375
1327.820183,1022.82708740234375
1327.821124,852.17279052734375
1327.822065,1022.82708740234375
1327.823006,1022.70501708984375
1327.823947,852.29486083984375
1327.824889,1022.70501708984375
1327.82583,852.29486083984375
1327.826771,1022.70501708984375
1327.827782,1022.70501708984375
1327.828808,852.29486083984375
1327.829834,1022.70501708984375
1327.830859,852.29486083984375
1327.831885,1022.70501708984375
1327.832911,1022.70501708984375
1327.833936,852.29486083984375
1327.834962,852.29486083984375
1327.835988,1022.70501708984375
1327.837013,1022.70501708984375
1327.838023,852.29486083984375
1327.839016,1022.70501708984375
1327.84001,852.29486083984375
1327.841003,1022.70501708984375
1327.841996,852.29486083984375
1327.84299,1022.70501708984375
1327.843983,852.29486083984375
1327.844976,1022.70501708984375
1327.84597,1022.70501708984375
1327.846963,852.29486083984375
1327.847955,852.29486083984375
1327.848942,1022.70501708984375
1327.849929,852.29486083984375
1327.850915,1022.70501708984375
1327.851902,852.29486083984375
1327.852888,1022.70501708984375
1327.853875,852.29486083984375
1327.854861,1022.70501708984375
1327.855848,852.29486083984375
1327.856834,1022.70501708984375
1327.857821,852.29486083984375
1327.858867,852.29486083984375
1327.859924,1022.70501708984375
1327.860982,852.29486083984375
1327.86204,1022.70501708984375
1327.863098,852.29486083984375
1327.864155,852.29486083984375
1327.865213,1022.70501708984375
1327.866271,852.29486083984375
1327.867329,852.17279052734375
1327.868386,1022.82708740234375
1327.869391,852.17279052734375
1327.870343,1022.82708740234375
1327.871295,852.17279052734375
1327.872247,852.29486083984375
1327.8732,1022.70501708984375
1327.874152,852.29486083984375
1327.875104,852.29486083984375
1327.876056,1022.70501708984375
1327.877008,852.29486083984375
1327.87796,852.29486083984375
1327.878919,852.29486083984375
1327.879914,1022.70501708984375
1327.880909,852.29486083984375
1327.881904,852.17279052734375
1327.882899,1022.82708740234375
1327.883893,852.17279052734375
1327.884888,852.29486083984375
1327.885883,1022.70501708984375
1327.886878,852.29486083984375
1327.887873,852.29486083984375
1327.888868,852.29486083984375
1327.889877,1022.70501708984375
1327.89089,852.29486083984375
1327.891903,852.29486083984375
1327.892915,852.29486083984375
1327.893928,852.17279052734375
1327.894941,1022.82708740234375
1327.895953,852.17279052734375
1327.896966,852.29486083984375
1327.897979,852.29486083984375
1327.898991,852.29486083984375
1327.899995,852.29486083984375
1327.900991,1022.70501708984375
1327.901986,852.29486083984375
1327.902981,852.17279052734375
1327.903977,852.29486083984375
1327.904972,852.29486083984375
1327.905967,852.29486083984375
1327.906962,852.29486083984375
1327.907958,852.29486083984375
1327.908953,852.17279052734375
1327.909947,852.29486083984375
1327.910933,852.29486083984375
1327.911919,852.29486083984375
1327.912905,852.29486083984375
1327.913891,852.17279052734375
1327.914877,852.29486083984375
1327.915863,852.29486083984375
1327.91685,681.88470458984375
1327.917836,852.17279052734375
1327.918822,852.29486083984375
1327.919808,852.29486083984375
1327.920868,852.29486083984375
1327.921943,852.29486083984375
1327.923017,852.17279052734375
1327.924092,681.88470458984375
1327.925167,852.29486083984375
1327.926241,852.29486083984375
1327.927316,852.17279052734375
1327.928391,852.29486083984375
1327.929465,852.29486083984375
1327.93054,852.29486083984375
1327.931546,681.76263427734375
1327.932484,852.29486083984375
1327.933422,852.29486083984375
1327.93436,852.29486083984375
1327.935297,852.29486083984375
1327.936235,681.76263427734375
1327.937173,852.29486083984375
1327.938111,852.29486083984375
1327.939049,852.17279052734375
1327.939986,852.29486083984375
1327.940931,681.88470458984375
1327.94191,852.29486083984375
1327.942888,852.17279052734375
1327.943867,681.88470458984375
1327.944845,852.29486083984375
1327.945824,852.17279052734375
1327.946803,852.29486083984375
1327.947781,681.88470458984375
1327.94876,852.29486083984375
1327.949738,852.17279052734375
1327.950717,852.29486083984375
1327.951738,681.88470458984375
1327.952768,852.17279052734375
1327.953798,852.29486083984375
1327.954828,681.88470458984375
1327.955858,852.29486083984375
1327.956887,852.17279052734375
1327.957917,681.88470458984375
1327.958947,852.29486083984375
1327.959977,852.17279052734375
1327.961007,681.88470458984375
1327.962012,852.29486083984375
1327.962992,852.29486083984375
1327.963973,681.76263427734375
1327.964953,852.29486083984375
1327.965933,681.76263427734375
1327.966914,852.29486083984375
1327.967894,852.29486083984375
1327.968875,681.76263427734375
1327.969855,852.29486083984375
1327.970835,681.88470458984375
1327.971817,852.17279052734375
1327.972806,852.29486083984375
1327.973795,681.88470458984375
1327.974784,852.29486083984375
1327.975773,681.76263427734375
1327.976762,852.29486083984375
1327.977751,681.76263427734375
1327.97874,852.29486083984375
1327.979729,681.88470458984375
1327.980718,852.17279052734375
1327.981707,852.29486083984375
1327.982741,681.88470458984375
1327.983784,852.17279052734375
1327.984827,681.88470458984375
1327.98587,852.29486083984375
1327.986913,681.76263427734375
1327.987956,852.29486083984375
1327.988999,681.76263427734375
1327.990042,681.88470458984375
1327.991085,852.29486083984375
1327.992127,852.29486083984375
1327.99314,681.76263427734375
1327.994121,681.76263427734375
1327.995103,852.29486083984375
1327.996084,681.88470458984375
1327.997066,852.29486083984375
1327.998047,681.76263427734375
1327.999029,852.29486083984375
1328.00001,681.76263427734375
1328.000992,852.29486083984375
1328.001973,681.88470458984375
1328.002954,681.76263427734375
1328.00393,852.29486083984375
1328.004906,681.76263427734375
1328.005882,681.88470458984375
1328.006858,852.29486083984375
1328.007834,681.76263427734375
1328.00881,852.29486083984375
1328.009786,681.76263427734375
1328.010762,852.29486083984375
1328.011738,681.88470458984375
1328.012714,681.76263427734375
1328.01374,681.76263427734375
1328.014775,852.29486083984375
1328.015811,681.88470458984375
1328.016847,681.76263427734375
1328.017882,852.29486083984375
1328.018918,681.76263427734375
1328.019953,681.88470458984375
1328.020989,852.29486083984375
1328.022025,681.76263427734375
1328.02306,681.88470458984375
1328.024069,852.17279052734375
1328.025051,681.88470458984375
1328.026032,681.76263427734375
1328.027014,681.88470458984375
1328.027996,852.29486083984375
1328.028978,681.76263427734375
1328.02996,681.88470458984375
1328.030942,681.76263427734375
1328.031923,852.29486083984375
1328.032905,681.76263427734375
1328.033899,681.88470458984375
1328.034953,681.76263427734375
1328.036006,681.88470458984375
1328.03706,681.76263427734375
1328.038113,852.29486083984375
1328.039167,681.76263427734375
1328.04022,681.88470458984375
1328.041274,681.76263427734375
1328.042327,681.88470458984375
1328.043381,681.76263427734375
1328.044434,852.29486083984375
1328.045416,681.76263427734375
1328.046384,681.88470458984375
1328.047352,681.76263427734375
1328.04832,681.88470458984375
1328.049288,681.76263427734375
1328.050256,681.88470458984375
1328.051224,681.76263427734375
1328.052192,681.88470458984375
1328.05316,681.76263427734375
1328.054128,681.88470458984375
1328.0551,681.76263427734375
1328.056076,681.76263427734375
1328.057052,681.88470458984375
1328.058028,681.76263427734375
1328.059004,681.88470458984375
1328.05998,681.76263427734375
1328.060956,681.88470458984375
1328.061932,681.76263427734375
1328.062908,681.88470458984375
1328.063883,681.76263427734375
1328.064864,681.88470458984375
1328.06587,681.76263427734375
1328.066876,681.76263427734375
1328.067881,681.88470458984375
1328.068887,681.76263427734375
1328.069893,681.88470458984375
1328.070898,681.76263427734375
1328.071904,681.88470458984375
1328.07291,681.76263427734375
1328.073915,681.88470458984375
1328.074921,511.352508544921875
1328.075943,681.76263427734375
1328.076967,681.88470458984375
1328.077992,681.76263427734375
1328.079017,681.88470458984375
1328.080042,681.76263427734375
1328.081067,681.76263427734375
1328.082092,511.474578857421875
1328.083117,681.76263427734375
1328.084142,681.76263427734375
1328.085167,681.88470458984375
1328.086178,681.76263427734375
1328.087175,681.88470458984375
1328.088172,681.76263427734375
1328.089169,511.352508544921875
1328.090166,681.88470458984375
1328.091164,681.76263427734375
1328.092161,681.88470458984375
1328.093158,681.76263427734375
1328.094155,511.352508544921875
1328.095152,681.88470458984375
1328.096144,681.76263427734375
1328.097111,681.88470458984375
1328.098077,681.76263427734375
1328.099043,511.352508544921875
1328.10001,681.88470458984375
1328.100976,681.76263427734375
1328.101942,681.88470458984375
1328.102909,511.352508544921875
1328.103875,681.76263427734375
1328.104841,681.88470458984375
1328.105808,511.352508544921875
1328.106825,681.76263427734375
1328.107852,681.88470458984375
1328.108879,681.76263427734375
1328.109906,511.352508544921875
1328.110933,681.88470458984375
1328.11196,681.76263427734375
1328.112988,511.352508544921875
1328.114015,681.88470458984375
1328.115042,681.76263427734375
1328.116069,511.352508544921875
1328.117071,681.88470458984375
1328.118048,681.76263427734375
1328.119025,511.352508544921875
1328.120002,681.88470458984375
1328.120978,681.76263427734375
1328.121955,511.352508544921875
1328.122932,681.88470458984375
1328.123909,511.352508544921875
1328.124886,681.76263427734375
1328.125863,681.88470458984375
1328.126842,511.352508544921875
1328.127834,681.76263427734375
1328.128826,511.352508544921875
1328.129818,681.88470458984375
1328.13081,511.352508544921875
1328.131802,681.76263427734375
1328.132795,681.88470458984375
1328.133787,511.352508544921875
1328.134779,681.76263427734375
1328.135771,511.352508544921875
1328.136763,681.88470458984375
1328.137798,511.352508544921875
1328.138841,681.76263427734375
1328.139884,511.352508544921875
1328.140927,681.88470458984375
1328.141971,511.352508544921875
1328.143014,681.76263427734375
1328.144057,511.352508544921875
1328.1451,681.88470458984375
1328.146144,511.352508544921875
1328.147187,681.76263427734375
1328.148223,511.474578857421875
1328.149251,681.76263427734375
1328.15028,511.352508544921875
1328.151308,681.88470458984375
1328.152337,511.352508544921875
1328.153365,681.76263427734375
1328.154394,511.352508544921875
1328.155422,681.88470458984375
1328.156451,511.352508544921875
1328.157479,681.76263427734375
1328.15849,511.352508544921875
1328.159416,511.352508544921875
1328.160341,681.88470458984375
1328.161266,511.352508544921875
1328.162191,681.76263427734375
1328.163116,511.352508544921875
1328.164042,681.88470458984375
1328.164967,511.352508544921875
1328.165892,511.352508544921875
1328.166817,681.88470458984375
1328.167742,511.352508544921875
1328.168753,511.352508544921875
1328.169781,681.76263427734375
1328.170809,511.352508544921875
1328.171837,511.352508544921875
1328.172865,681.88470458984375
1328.173893,511.352508544921875
1328.174921,511.352508544921875
1328.175949,681.76263427734375
1328.176977,511.474578857421875
1328.178005,511.352508544921875
1328.179015,511.352508544921875
1328.180008,681.76263427734375
1328.181001,511.352508544921875
1328.181994,511.352508544921875
1328.182986,511.352508544921875
1328.183979,511.474578857421875
1328.184972,681.76263427734375
1328.185965,511.352508544921875
1328.186958,511.352508544921875
1328.18795,511.352508544921875
1328.188941,511.352508544921875
1328.189921,681.88470458984375
1328.1909,511.352508544921875
1328.19188,511.352508544921875
1328.19286,511.352508544921875
1328.193839,511.352508544921875
1328.194819,511.352508544921875
1328.195798,681.88470458984375
1328.196778,511.352508544921875
1328.197758,511.352508544921875
1328.198737,511.352508544921875
1328.199763,511.352508544921875
1328.200799,511.352508544921875
1328.201835,511.352508544921875
1328.20287,511.352508544921875
1328.203906,681.88470458984375
1328.204941,511.352508544921875
1328.205977,511.352508544921875
1328.207012,511.352508544921875
1328.208048,511.352508544921875
1328.209083,511.352508544921875
1328.210092,511.352508544921875
1328.211074,511.352508544921875
1328.212055,511.474578857421875
1328.213037,511.352508544921875
1328.214019,681.76263427734375
1328.215001,511.352508544921875
1328.215982,511.352508544921875
1328.216964,511.352508544921875
1328.217946,511.352508544921875
1328.218928,511.474578857421875
1328.21991,511.352508544921875
1328.220895,511.352508544921875
1328.22188,511.352508544921875
1328.222865,511.352508544921875
1328.223849,511.352508544921875
1328.224834,511.352508544921875
1328.225819,511.352508544921875
1328.226804,511.352508544921875
1328.227789,511.352508544921875
1328.228773,511.352508544921875
1328.229758,511.474578857421875
1328.230789,511.352508544921875
1328.231829,511.352508544921875
1328.232869,511.352508544921875
1328.233909,511.352508544921875
1328.234949,340.942352294921875
1328.235988,511.352508544921875
1328.237028,511.352508544921875
1328.238068,511.352508544921875
1328.239108,511.352508544921875
1328.240148,511.352508544921875
1328.241154,511.352508544921875
1328.242125,511.352508544921875
1328.243096,511.352508544921875
1328.244067,511.352508544921875
1328.245038,340.942352294921875
1328.246009,511.352508544921875
1328.24698,511.352508544921875
1328.247951,511.352508544921875
1328.248922,511.474578857421875
1328.249893,511.352508544921875
1328.250876,340.820281982421875
1328.251916,511.352508544921875
1328.252956,511.474578857421875
1328.253996,511.352508544921875
1328.255036,511.352508544921875
1328.256076,511.352508544921875
1328.257116,340.942352294921875
1328.258156,511.352508544921875
1328.259196,511.352508544921875
1328.260237,511.352508544921875
1328.261277,340.942352294921875
1328.262263,511.352508544921875
1328.263238,511.352508544921875
1328.264213,511.352508544921875
1328.265188,511.352508544921875
1328.266163,340.942352294921875
1328.267138,511.352508544921875
1328.268113,511.352508544921875
1328.269088,340.942352294921875
1328.270063,511.352508544921875
1328.271038,511.352508544921875
1328.272037,340.820281982421875
1328.273059,511.474578857421875
1328.274081,511.352508544921875
1328.275104,340.820281982421875
1328.276126,511.352508544921875
1328.277148,511.474578857421875
1328.278171,340.820281982421875
1328.279193,511.352508544921875
1328.280215,511.352508544921875
1328.281238,340.942352294921875
1328.282254,511.352508544921875
1328.283243,511.352508544921875
1328.284231,340.942352294921875
1328.285219,511.352508544921875
1328.286208,340.942352294921875
1328.287196,511.352508544921875
1328.288184,511.352508544921875
1328.289173,340.942352294921875
1328.290161,511.352508544921875
1328.291149,340.942352294921875
1328.292138,511.352508544921875
1328.293135,340.820281982421875
1328.294134,511.474578857421875
1328.295132,340.820281982421875
1328.296131,511.352508544921875
1328.29713,340.942352294921875
1328.298129,511.352508544921875
1328.299127,340.942352294921875
1328.300126,511.352508544921875
1328.301125,340.942352294921875
1328.302124,511.352508544921875
1328.303112,340.942352294921875
1328.30409,511.352508544921875
1328.305068,340.820281982421875
1328.306047,511.352508544921875
1328.307025,340.942352294921875
1328.308003,340.942352294921875
1328.308981,511.352508544921875
1328.309959,340.942352294921875
1328.310938,511.352508544921875
1328.311916,340.942352294921875
1328.312898,340.820281982421875
1328.313901,511.352508544921875
1328.314904,340.942352294921875
1328.315907,511.352508544921875
1328.31691,340.942352294921875
1328.317913,340.942352294921875
1328.318916,511.352508544921875
1328.319919,340.820281982421875
1328.320922,340.942352294921875
1328.321926,511.352508544921875
1328.322929,340.942352294921875
1328.323949,340.942352294921875
1328.324972,340.820281982421875
1328.325996,511.474578857421875
1328.32702,340.820281982421875
1328.328043,511.352508544921875
1328.329067,340.942352294921875
1328.330091,340.942352294921875
1328.331114,340.942352294921875
1328.332138,511.352508544921875
1328.333162,340.820281982421875
1328.334165,340.942352294921875
1328.335148,340.942352294921875
1328.336131,511.352508544921875
1328.337114,340.942352294921875
1328.338097,340.820281982421875
1328.33908,340.942352294921875
1328.340063,511.352508544921875
1328.341046,340.942352294921875
1328.342029,340.942352294921875
1328.343012,340.820281982421875
1328.343999,340.942352294921875
1328.345005,511.352508544921875
1328.346012,340.942352294921875
1328.347018,340.942352294921875
1328.348025,340.820281982421875
1328.349032,340.942352294921875
1328.350038,340.942352294921875
1328.351045,340.942352294921875
1328.352051,340.820281982421875
1328.353058,511.352508544921875
1328.354064,340.942352294921875
1328.355084,340.942352294921875
1328.356107,340.942352294921875
1328.35713,340.820281982421875
1328.358153,340.942352294921875
1328.359176,340.942352294921875
1328.360198,340.820281982421875
1328.361221,340.942352294921875
1328.362244,340.942352294921875
1328.363267,340.942352294921875
1328.36429,340.820281982421875
1328.36531,340.942352294921875
1328.366327,340.942352294921875
1328.367344,340.942352294921875
1328.368361,340.820281982421875
1328.369378,340.942352294921875
1328.370395,340.942352294921875
1328.371412,340.820281982421875
1328.372429,340.942352294921875
1328.373446,340.942352294921875
1328.374463,340.942352294921875
1328.37548,340.820281982421875
1328.376493,340.942352294921875
1328.377507,340.942352294921875
1328.378521,340.942352294921875
1328.379535,340.820281982421875
1328.380549,170.532211303710938
1328.381563,340.820281982421875
1328.382577,340.942352294921875
1328.383591,340.942352294921875
1328.384605,340.942352294921875
1328.385619,340.820281982421875
1328.386579,340.942352294921875
1328.387529,340.942352294921875
1328.388479,170.410140991210938
1328.389429,340.942352294921875
1328.390379,340.942352294921875
1328.391329,340.820281982421875
1328.392279,340.942352294921875
1328.393229,170.410140991210938
1328.394179,340.942352294921875
1328.395129,340.942352294921875
1328.396095,340.942352294921875
1328.397078,170.410140991210938
1328.398062,340.942352294921875
1328.399045,340.820281982421875
1328.400029,340.942352294921875
1328.401012,170.410140991210938
1328.401995,340.942352294921875
1328.402979,340.942352294921875
1328.403962,340.942352294921875
1328.404945,170.410140991210938
1328.405929,340.942352294921875
1328.406912,340.820281982421875
1328.407896,170.532211303710938
1328.40888,340.942352294921875
1328.409864,340.820281982421875
1328.410848,170.532211303710938
1328.411832,340.820281982421875
1328.412815,340.942352294921875
1328.413799,170.410140991210938
1328.414783,340.942352294921875
1328.415767,340.942352294921875
1328.416788,170.410140991210938
1328.417817,340.942352294921875
1328.418846,170.410140991210938
1328.419876,340.942352294921875
1328.420905,340.942352294921875
1328.421934,170.410140991210938
1328.422963,340.942352294921875
1328.423992,170.410140991210938
1328.425021,340.942352294921875
1328.42605,170.410140991210938
1328.427054,340.942352294921875
1328.428034,340.942352294921875
1328.429014,170.410140991210938
1328.429994,340.942352294921875
1328.430974,170.410140991210938
1328.431953,340.942352294921875
1328.432933,170.410140991210938
1328.433913,340.942352294921875
1328.434893,170.410140991210938
1328.435872,340.942352294921875
1328.436854,170.532211303710938
1328.437844,340.820281982421875
1328.438835,170.532211303710938
1328.439825,340.820281982421875
1328.440816,170.532211303710938
1328.441806,170.410140991210938
1328.442797,340.942352294921875
1328.443787,170.410140991210938
1328.444778,340.942352294921875
1328.445768,170.410140991210938
1328.446759,340.942352294921875
1328.447809,170.410140991210938
1328.448871,170.532211303710938
1328.449933,340.820281982421875
1328.450995,170.532211303710938
1328.452057,340.942352294921875
1328.453119,170.410140991210938
1328.454181,170.410140991210938
1328.455243,340.942352294921875
1328.456305,170.410140991210938
1328.457367,170.532211303710938
1328.458384,170.410140991210938
1328.459356,340.942352294921875
1328.460328,170.410140991210938
1328.4613,170.532211303710938
1328.462273,340.820281982421875
1328.463245,170.532211303710938
1328.464217,170.410140991210938
1328.46519,170.410140991210938
1328.466162,170.532211303710938
1328.467134,340.820281982421875
1328.468112,170.532211303710938
1328.469116,170.410140991210938
1328.47012,170.532211303710938
1328.471124,340.820281982421875
1328.472128,170.532211303710938
1328.473132,170.410140991210938
1328.474136,170.410140991210938
1328.47514,340.942352294921875
1328.476144,170.410140991210938
1328.477148,170.532211303710938
1328.478152,170.410140991210938
1328.479147,170.532211303710938
1328.48014,170.410140991210938
1328.481133,340.942352294921875
1328.482126,170.410140991210938
1328.483119,170.410140991210938
1328.484111,170.532211303710938
1328.485104,170.410140991210938
1328.486097,170.410140991210938
1328.48709,170.532211303710938
1328.488083,340.942352294921875
1328.489071,170.410140991210938
1328.490053,170.410140991210938
1328.491034,170.532211303710938
1328.492016,170.410140991210938
1328.492998,170.410140991210938
1328.49398,170.532211303710938
1328.494962,170.410140991210938
1328.495944,170.410140991210938
1328.496925,170.532211303710938
1328.497907,170.410140991210938
1328.498892,170.532211303710938
1328.499888,170.410140991210938
1328.500884,170.410140991210938
1328.50188,170.532211303710938
1328.502876,170.410140991210938
1328.503872,170.410140991210938
1328.504868,170.532211303710938
1328.505864,170.410140991210938
1328.50686,170.410140991210938
1328.507856,170.532211303710938
1328.508852,170.410140991210938
1328.509872,0
1328.510896,170.532211303710938
1328.51192,170.410140991210938
1328.512945,170.410140991210938
1328.513969,170.532211303710938
1328.514993,170.410140991210938
1328.516017,170.410140991210938
1328.517042,170.532211303710938
1328.518066,0
1328.51909,170.410140991210938
1328.5201,170.410140991210938
1328.521096,170.532211303710938
1328.522091,170.410140991210938
1328.523087,0
1328.524082,170.532211303710938
1328.525078,170.410140991210938
1328.526073,170.410140991210938
1328.527069,170.532211303710938
1328.528064,0
1328.52906,170.410140991210938
1328.530051,170.410140991210938
1328.531022,170.532211303710938
1328.531994,170.410140991210938
1328.532965,0
1328.533936,170.410140991210938
1328.534907,170.532211303710938
1328.535878,0
1328.536849,170.410140991210938
1328.537821,170.532211303710938
1328.538792,0
1328.539763,170.410140991210938
1328.540776,170.410140991210938
1328.541798,0
1328.54282,170.532211303710938
1328.543842,170.410140991210938
1328.544863,0
1328.545885,170.410140991210938
1328.546907,0
1328.547929,170.532211303710938
1328.548951,0
1328.549972,170.410140991210938
1328.550978,170.410140991210938
1328.551967,0
1328.552956,170.532211303710938
1328.553946,0
1328.554935,170.410140991210938
1328.555924,0
1328.556913,170.532211303710938
1328.557902,0
1328.558892,170.410140991210938
1328.559881,0
1328.560869,170.410140991210938
1328.561854,0
1328.562838,0
1328.563822,170.532211303710938
1328.564806,0
1328.565791,0
1328.566775,170.410140991210938
1328.567759,170.410140991210938
1328.568744,0
1328.569728,0
1328.570712,0
1328.571743,170.532211303710938
1328.572784,0
1328.573825,0
1328.574865,170.410140991210938
1328.575906,0
1328.576947,0
1328.577987,170.410140991210938
1328.579028,0
1328.580068,0
1328.581109,170.532211303710938
1328.582119,0
1328.583099,0
1328.584079,0
1328.585059,0
1328.586039,170.410140991210938
1328.587019,0
1328.587999,0
1328.588979,0
1328.589958,170.532211303710938
1328.590938,0
1328.591922,0
1328.592924,0
1328.593926,0
1328.594929,0
1328.595931,0
1328.596933,170.410140991210938
1328.597936,0
1328.598938,0
1328.59994,0
1328.600942,0
1328.601945,0
1328.602949,0
1328.603955,0
1328.60496,0
1328.605965,0
1328.606971,0
1328.607976,0
1328.608981,0
1328.609987,0
1328.610992,0
1328.611997,0
1328.612993,0
1328.61398,0
1328.614967,0
1328.615954,0
1328.61694,0
1328.617927,0
1328.618914,0
1328.619901,0
1328.620887,0
1328.621874,0
1328.622861,0
1328.623845,0
1328.62483,0
1328.625815,0
1328.6268,0
1328.627784,0
1328.628769,0
1328.629754,0
1328.630738,0
1328.631723,0
1328.632708,0
1328.633728,0
1328.634755,0
1328.635783,0
1328.63681,0
1328.637838,0
1328.638865,0
1328.639892,0
1328.64092,0
1328.641947,0
1328.642974,0
1328.643987,0
1328.644984,0
1328.645981,0
1328.646978,0
1328.647976,0
1328.648973,0
1328.64997,0
1328.650967,0
1328.651965,0
1328.652962,0
1328.653957,0
1328.654942,0
1328.655927,0
1328.656913,0
1328.657898,0
1328.658883,0
1328.659868,0
1328.660854,0
1328.661839,0
1328.662824,0
1328.663809,0
1328.664826,0
1328.66585,0
1328.666873,0
1328.667897,0
1328.66892,0
1328.669944,0
1328.670967,0
1328.671991,0
1328.673014,0
1328.674037,0
1328.675085,0
1328.676156,0
1328.677226,0
1328.678297,0
1328.679368,0
1328.680439,0
1328.68151,0
1328.682581,0
1328.683652,0
1328.684723,0
1328.685765,0
1328.686661,0
1328.687557,0
1328.688453,0
1328.68935,0
1328.690246,0
1328.691142,0
1328.692038,0
1328.692935,0
1328.693831,0
1328.694727,0
1328.695738,0
1328.696772,0
1328.697806,0
1328.69884,0
1328.699874,0
1328.700907,0
1328.701941,0
1328.702975,0
1328.704009,0
1328.705043,0
1328.706054,0
1328.707042,0
1328.70803,0
1328.709018,0
1328.710006,0
1328.710994,0
1328.711983,0
1328.712971,0
1328.713959,0
1328.714947,0
1328.715935,0
1328.716927,0
1328.717918,0
1328.718909,0
1328.7199,0
1328.720892,0
1328.721883,0
1328.722874,0
1328.723865,0
1328.724857,0
1328.725848,0
1328.726858,0
1328.727872,0
1328.728886,0
1328.7299,0
1328.730913,0
1328.731927,0
1328.732941,0
1328.733955,0
1328.734969,0
1328.735983,0
1328.737012,0
1328.738058,0
1328.739104,0
1328.740149,0
1328.741195,0
1328.74224,0
1328.743286,0
1328.744331,0
1328.745377,0
1328.746422,0
1328.747449,0
1328.74838,0
1328.749311,0
1328.750243,0
1328.751174,0
1328.752105,0
1328.753036,0
1328.753967,0
1328.754899,0
1328.75583,0
1328.756761,0
1328.757775,0
1328.758806,0
1328.759837,0
1328.760868,0
1328.761899,0
1328.76293,0
1328.763961,0
1328.764992,0
1328.766023,0
1328.767054,0
1328.768105,0
1328.769175,0
1328.770246,0
1328.771316,0
1328.772387,0
1328.773457,0
1328.774527,0
1328.775598,0
1328.776668,0
1328.777739,0
1328.77878,0
1328.779675,0
1328.78057,0
1328.781465,0
1328.782361,0
1328.783256,0
1328.784151,0
1328.785046,0
1328.785941,0
1328.786836,0
1328.787732,0
1328.788744,0
1328.789779,0
1328.790814,0
1328.791849,0
1328.792884,0
1328.79392,0
1328.794955,0
1328.79599,0
1328.797025,0
1328.798061,0
1328.79907,0
1328.800055,0
1328.80104,0
1328.802024,0
1328.803009,0
1328.803993,0
1328.804978,0
1328.805963,0
1328.806947,0
1328.807932,0
1328.808918,0
1328.809915,0
1328.810911,0
1328.811907,0
1328.812904,0
1328.8139,0
1328.814896,0
1328.815892,0
1328.816889,0
1328.817885,0
1328.818881,0
1328.819897,0
1328.820916,0
1328.821935,0
1328.822954,0
1328.823973,0
1328.824992,0
1328.826011,0
1328.82703,0
1328.828049,0
1328.829068,0
1328.83007,0
1328.831056,0
1328.832041,0
1328.833027,0
1328.834012,0
1328.834998,0
1328.835983,0
1328.836968,0
1328.837954,0
1328.838939,0
1328.839925,0
1328.840913,0
1328.8419,0
1328.842887,0
1328.843875,0
1328.844862,0
1328.845849,0
1328.846837,0
1328.847824,0
1328.848811,0
1328.849799,0
1328.850857,0
1328.851929,0
1328.853001,0
1328.854073,0
1328.855145,0
1328.856218,0
1328.85729,0
1328.858362,0
1328.859434,0
1328.860506,0
1328.861516,0
1328.862462,0
1328.863408,0
1328.864354,0
1328.8653,0
1328.866246,0
1328.867192,0
1328.868138,0
1328.869084,0
1328.87003,0
1328.870981,0
1328.871962,0
1328.872943,0
