t,u,v,seg,a
25.086965907000003,3,0.01704219627380371,5,3199.811539990954
25.086971248,3,0.0,5,-3190.824991712604
25.086981976,3,0.008521098136901854,5,1588.5716129170032
25.086987312,3,0.0,5,-1596.9074466564925
25.086992601000002,3,0.008521098136901854,5,1611.0981538829265
25.08699789,3,0.0,5,-1611.0981549651292
25.087003209,3,0.008521098136901854,5,1602.0113061867796
25.087008578000003,3,0.0,5,-1587.0922203455166
25.087019373,3,0.008521098136901854,5,1570.419855298341
25.087024895,3,0.0,5,-1543.1180983473664
25.087041227,3,0.008521098136901854,5,1587.9795261027964
25.087046592,3,0.0,5,-1588.2755148553683
25.08705722,3,0.008521098136901854,5,1608.6649311947601
25.087062518,3,0.0,5,-1608.3612938261297
25.087073634,3,0.008521098136901854,5,1509.4947979433484
25.087079279,3,0.0,5,-1509.4947979433484
25.087095109000003,3,0.008521098136901854,5,1631.1443593140673
25.087100404,3,0.0,5,-1609.2725478387765
25.087116409,3,0.008521098136901854,5,1597.8057633142294
25.087121741,3,0.0,5,-1598.1054268354835
25.087161646000002,3,0.008521098136901854,5,2089.5287223324613
25.087161658,3,0.0,5,-710091.6628846038
25.087320117,3,0.008521098136901854,5,1604.122390537931
25.087325479,3,0.0,5,-1589.1641435273557
25.090971839,5,0.008521098136901854,9,1589.7571142181087
25.090977199,5,0.0,9,-1589.757115271831
25.090982533,5,0.008521098136901854,9,1597.50621321678
25.090987840999997,5,0.0,9,-1605.3312243914893
25.091186818999997,5,0.008521098136901854,9,1641.830084325674
25.091192145,5,0.0,9,-1599.9057699954765
25.092992408999997,6,0.008521098136901854,11,1590.6474041260958
25.093003184,6,0.0,11,-1580.9087446989886
25.093013851,6,0.008521098136901854,11,1614.4558805142233
25.093019112999997,6,0.0,11,-1619.364906784347
25.093024374000002,6,0.008521098136901854,11,1619.6727101549657
25.093029689999998,6,0.0,11,-1602.9153769188215
25.093035013,6,0.008521098136901854,11,1600.8074640973011
25.093040335999998,6,0.0,11,-1600.8074662341453
25.09304564,6,0.008521098136901854,11,1606.5418804479225
25.093056243,6,0.0,11,-1607.4510733831157
25.093061582999997,6,0.008521098136901854,11,1595.7112622661398
25.093072272,6,0.0,11,-1594.2185470859656
25.093077601,6,0.008521098136901854,11,1599.0050921904924
25.093088253999998,6,0.0,11,-1599.6054331200573
25.093098939,6,0.01704219627380371,11,3189.0337328989176
25.093104282,6,0.0,11,-3189.6305970815274
25.093109564,6,0.01704219627380371,11,3226.466541771985
25.093114837,6,0.0,11,-3231.9734998224535
25.09312011,6,0.008521098136901854,11,1615.9867510000067
25.093125432,6,0.0,11,-1601.108255770322
25.093130761,6,0.01704219627380371,11,3198.0101843809853
25.09313609,6,0.0,11,-3198.0101843809853
25.093146887,6,0.008521098136901854,11,1577.1049672110557
25.093157557999998,6,0.0,11,-1617.5205285573004
25.093162807000002,6,0.01704219627380371,11,3246.7510496159402
25.093168056,6,0.0,11,-3246.7510540109784
25.093173392,6,0.008521098136901854,11,1596.9074466564925
25.093184090999998,6,0.0,11,-1593.0263861112098
25.093189427000002,6,0.01704219627380371,11,3193.814891186541
25.093194762,6,0.0,11,-3194.4135487030285
25.093205517999998,6,0.01704219627380371,11,3143.7366320168194
25.093210951,6,0.0,11,-3136.7929813889405
25.093221636,6,0.01704219627380371,11,3244.8964718516786
25.093226862999998,6,0.0,11,-3260.41635295424
25.093232089,6,0.008521098136901854,11,1630.5201172576233
25.09324806,6,0.0,11,-1599.3052057836608
25.093258681,6,0.01704219627380371,11,3209.4531596247302
25.09326399,6,0.0,11,-3210.057688165233
25.093274619,6,0.008521098136901854,11,1603.2169591982342
25.093285702,6,0.0,11,-1477.3055019338517
25.093297366999998,6,0.01704219627380371,11,2921.6863149999144
25.093302299999998,6,0.0,11,-3454.7326728560333
25.093307104,6,0.008521098136901854,11,1773.7506518201008
25.093311908,6,0.0,11,-1773.7506531318468
25.093317199,6,0.008521098136901854,11,1610.489158121466
25.093327922,6,0.0,11,-1589.4605740953782
25.093333313,6,0.008521098136901854,11,1580.6154960884426
25.093338709,6,0.0,11,-1579.150877158432
25.093344105,6,0.008521098136901854,11,1579.150878198141
25.093349434,6,0.0,11,-1599.0050921904924
25.093354755,6,0.008521098136901854,11,1601.4091594328534
25.093360075,6,0.0,11,-1601.7101762170716
25.093370579,6,0.008521098136901854,11,1623.6848592581905
25.093381157,6,0.0,11,-1598.4052027797525
25.093397142999997,6,0.01704219627380371,11,3214.9021489208494
25.093402438000002,6,0.0,11,-3218.5450913585473
25.093413058,6,0.008521098136901854,11,1599.9057710626953
25.093418389,6,0.0,11,-1598.4052027797525
25.093429061,6,0.008521098136901854,11,1595.1138402412757
25.093439748,6,0.0,11,-1594.815297480325
25.093445044,6,0.008521098136901854,11,1608.9686821511439
25.093450333,6,0.0,11,-1611.0981538829265
25.093466313,6,0.008521098136901854,11,1592.7286241451643
25.093471662,6,0.0,11,-1593.0263861112098
25.093476979,6,0.008521098136901854,11,1602.6139059381132
25.093487602,6,0.0,11,-1604.122390537931
25.09350415,6,0.008521098136901854,11,1542.28020510604
25.093509325,6,0.0,11,-1646.5890125016442
25.093514449999997,6,0.008521098136901854,11,1662.65329574532
25.093519575,6,0.0,11,-1662.6532945927481
25.093524913,6,0.008521098136901854,11,1596.3091298417878
25.093535650000003,6,0.0,11,-1587.0922203455166
25.093546254,6,0.008521098136901854,11,1608.3612949046587
25.09355688,6,0.0,11,-1599.3052057836608
25.093562212000002,6,0.008521098136901854,11,1598.1054268354835
25.093578182,6,0.0,11,-1602.3125494058272
25.0935835,6,0.008521098136901854,11,1602.3125494058272
25.093594186999997,6,0.0,11,-1593.9203403864303
25.093599532,6,0.008521098136901854,11,1594.2185470859656
25.093604864,6,0.0,11,-1598.1054268354835
25.093610195,6,0.008521098136901854,11,1598.4052027797525
25.093620836,6,0.0,11,-1604.726579812365
25.093626144,6,0.008521098136901854,11,1605.3312233170202
25.093636851,6,0.0,11,-1577.9811367099155
25.093642265,6,0.008521098136901854,11,1573.9006531967027
25.093647679,6,0.0,11,-1573.9006531967027
25.093652921,6,0.01704219627380371,11,3251.086660215192
25.093658138,6,0.0,11,-3266.665953536627
25.093668686,6,0.01704219627380371,11,3196.8104055595054
25.093674034,6,0.0,11,-3186.6485188635547
25.093679381,6,0.008521098136901854,11,1593.6222431104904
25.093684704,6,0.0,11,-1600.8074651657232
25.093690024,6,0.01704219627380371,11,3203.420352434144
25.093695344,6,0.0,11,-3203.420352434144
25.093700697,6,0.008521098136901854,11,1591.836005750089
25.093711413,6,0.0,11,-1590.3505286432405
25.093716736999998,6,0.008521098136901854,11,1600.506788623371
25.093722057,6,0.01704219627380371,11,1601.710175147445
25.093727376,6,0.0,11,-3204.0226123735597
25.09374197,6,0.01704219627380371,11,2294.0094593712397
25.093749399,6,0.0,11,-2294.0094593712397
25.093753165,6,0.008521098136901854,11,2262.6389111130525
25.093756408,6,0.0,11,-2627.5356558677686
25.093759651,6,0.01704219627380371,11,5255.07131749248
25.093764722,6,0.0,11,-3360.717072097535
25.093770054,6,0.008521098136901854,11,1598.1054268354835
25.093780703,6,0.0,11,-1602.6139059381132
25.093786017,6,0.008521098136901854,11,1603.5186560541067
25.09381256,6,0.0,11,-1590.944387301021
25.093817925,6,0.008521098136901854,11,1588.2755148553683
25.093833879,6,0.0,11,-1610.7935984411554
25.093844497,6,0.01704219627380371,11,3198.0101843809853
25.093849831,6,0.0,11,-3195.0124243055207
25.093855165,6,0.008521098136901854,11,1597.50621215276
25.093876466999998,6,0.0,11,-1605.936324790161
25.09388177,6,0.008521098136901854,11,1606.844830101483
25.093887072,6,0.0,11,-1607.1478940325535
25.09389243,6,0.01704219627380371,11,3180.7010593955
25.093897795,6,0.0,11,-3176.5510297107376
25.093908471,6,0.01704219627380371,11,3208.8488565884204
25.093913775,6,0.0,11,-3213.0837608958454
25.093919078,6,0.008521098136901854,11,1606.8448311779794
25.093940413,6,0.0,11,-1582.9645440208667
25.093945805,6,0.008521098136901854,11,1580.3223541667542
25.093951198,6,0.0,11,-1580.0293230391985
25.093956475,6,0.01704219627380371,11,3229.5236450588454
25.093961737,6,0.0,11,-3238.7298113820207
25.093972322000003,6,0.01704219627380371,11,3201.01357297466
25.094994330000002,7,0.008521098136901854,13,1583.8472359861607
25.094999636,7,0.0,13,-1605.936324790161
25.095015294,7,0.01704219627380371,13,3304.672539137728
25.095020452,7,0.0,13,-3304.0318480650576
25.095031350000003,7,0.008521098136901854,13,1544.5166094304639
25.095047601999998,7,0.0,13,-1593.9203403864303
25.095058291,7,0.008521098136901854,13,1595.1138402412757
25.095068972,7,0.0,13,-1595.7112622661398
25.095074297,7,0.008521098136901854,13,1600.2062228755447
25.095084937,7,0.0,13,-1601.7101762170716
25.095090435,7,0.01704219627380371,13,3099.7083072590417
25.095095991999997,7,0.0,13,-3066.797962953973
25.095101549,7,0.01704219627380371,13,3066.797960993301
25.095106908,7,0.0,13,-3180.107532129035
25.095117571,7,0.01704219627380371,13,3196.8104055595054
25.095122909999997,7,0.0,13,-3192.0202811889553
25.095128250000002,7,0.008521098136901854,13,1595.7112601428794
25.095160118,7,0.0,13,-1594.815297480325
25.095165461,7,0.01704219627380371,13,3189.6305949606503
25.095170838999998,7,0.0,13,-3168.872495769105
25.095176223,7,0.01704219627380371,13,3165.3410604420283
25.095181605999997,7,0.0,13,-3165.9290880417343
25.095192062,7,0.01704219627380371,13,1629.8963533694482
25.095203242,7,0.0,13,-1524.3467148276923
25.095214423,7,0.01704219627380371,13,1524.2103811508512
25.095215842,7,0.0,13,-12010.004419854546
25.095215867,7,0.01704219627380371,13,681687.8914227153
25.095215892,7,0.0,13,-681687.8914227153
25.095220005999998,7,0.01704219627380371,13,4142.488156676034
25.095224705,7,0.0,13,-3626.7708593696148
25.095229403,7,0.01704219627380371,13,3627.542841310508
25.09523476,7,0.0,13,-3181.2948061423867
25.09524021,7,0.01704219627380371,13,3127.008490755143
25.095245661,7,0.0,13,-3126.434832940139
25.09525101,7,0.008521098136901854,13,1593.0263861112098
25.095287971,7,0.0,13,-1594.5168664494586
25.095293315,7,0.01704219627380371,13,3189.0337350190007
25.095298668999998,7,0.0,13,-3183.0773771565905
25.095304025,7,0.008521098136901854,13,1590.9443862457242
25.095320051999998,7,0.01704219627380371,13,1597.5062132167807
25.095325385,7,0.0,13,-3195.6115266284596
25.095330724,7,0.01704219627380371,13,3192.0202790648996
25.095336062999998,7,0.0,13,-3192.0202811889553
25.095341402,7,0.008521098136901854,13,1596.0101395324496
25.095367931000002,7,0.0,13,-1611.4028245120905
25.095373219000003,7,0.01704219627380371,13,3222.8056490241815
25.095378795000002,7,0.0,13,-3056.3479690295676
25.095384411999998,7,0.01704219627380371,13,3034.038861770249
25.095390028999997,7,0.0,13,-3034.0388598512404
25.095395118,7,0.01704219627380371,13,3348.830078133883
25.095400131999998,7,0.0,13,-3398.922272945272
25.095405147,7,0.008521098136901854,13,1699.122259640367
25.095458729999997,7,0.0,13,-1634.5862547766576
25.095463903,7,0.01704219627380371,13,3294.451240718173
25.095469077,7,0.0,13,-3293.814508690308
25.095474418000002,7,0.008521098136901854,13,1595.412494795069
25.095490469,7,0.0,13,-1602.0113061867796
25.095495781,7,0.01704219627380371,13,3208.2447810758626
25.095501092,7,0.0,13,-3208.8488565884204
25.095506406000002,7,0.008521098136901854,13,1603.5186549820626
25.095527651,7,0.0,13,-1605.028844082616
25.095532959,7,0.008521098136901854,13,1605.3312243914893
25.095575615,7,0.0,13,-1601.7101762170716
25.095580934,7,0.01704219627380371,13,3204.0226123735597
25.095586277,7,0.0,13,-3189.6305970815274
25.095591624,7,0.01704219627380371,13,3187.2444862209813
25.095596971,7,0.0,13,-3187.244488338686
25.095602262,7,0.01704219627380371,13,3220.9783162429326
25.095607546,7,0.0,13,-3225.2453204212657
25.095612829,7,0.01704219627380371,13,3225.855815516325
25.095618182,7,0.0,13,-3183.6720115001785
25.095623545,7,0.008521098136901854,13,1588.86782350589
25.095656598,7,0.01704219627380371,13,2008.2720082665448
25.09566084,7,0.0,13,-4017.4908714645335
25.09566603,7,0.01704219627380371,13,3283.660168651349
25.095671356,7,0.0,13,-3199.8115421253915
25.095676681,7,0.008521098136901854,13,1600.2062228755447
25.095692734,7,0.01704219627380371,13,1592.1334340269646
25.095698068999997,7,0.008521098136901854,13,-1597.2067743515145
25.095708732,7,0.0,13,-1598.1054268354835
25.095714048999998,7,0.01704219627380371,13,3205.227811876227
25.095719362,7,0.0,13,-3207.6409308136904
25.095724676000003,7,0.01704219627380371,13,3207.0373099641256
25.095730359,7,0.008521098136901854,13,-1499.4013972103762
25.095756691,7,0.0,13,-1732.2826061410867
25.095761978,7,0.01704219627380371,13,3223.415220788017
25.095767317,7,0.008521098136901854,13,-1596.01013953245
25.095804654,7,0.01704219627380371,13,1593.0263861112105
25.095813357,7,0.0,13,-1958.1978937174756
25.095822538,7,0.01704219627380371,13,1856.2461905015002
25.095834219,7,0.0,13,-6819.6063501226
25.095835764,7,0.01704219627380371,13,11030.547750490403
25.095837309,7,0.008521098136901854,13,-5515.273875245202
25.095858786,7,0.01704219627380371,13,1680.0272350481887
25.095863775999998,7,0.0,13,-3415.2697962610678
25.095868767,7,0.01704219627380371,13,3414.5855081000295
25.095879265,7,0.0,13,-3235.6552622288946
25.095884531,7,0.01704219627380371,13,3236.2697071635866
25.095889828,7,0.008521098136901854,13,-1608.6649301158245
25.095900430999997,7,0.01704219627380371,13,1607.451074460425
25.095905761,7,0.008521098136901854,13,-1598.705090144697
25.095932373,7,0.01704219627380371,13,1603.5186560541074
25.095937708,7,0.0,13,-3194.4135465757863
25.095943046,7,0.01704219627380371,13,3192.618261808428
25.095948385,7,0.0,13,-3192.0202790648996
25.095953707,7,0.01704219627380371,13,3202.2165115406447
25.095964347000002,7,0.0,13,-3203.4203502948894
25.095969686,7,0.01704219627380371,13,3192.0202811889553
25.095975027,7,0.008521098136901854,13,-1595.4124947950697
25.097003109000003,8,0.008521098136901854,15,1585.6155816929297
25.097008404,8,0.01704219627380371,15,1609.2725478387772
25.097013688,8,0.008521098136901854,15,-1612.6226602106333
25.097018972,8,0.01704219627380371,15,1612.6226602106333
25.097024306999998,8,0.008521098136901854,15,-1597.2067743515145
25.097034993,8,0.01704219627380371,15,1594.8152974803256
25.09704033,8,0.008521098136901854,15,-1596.6082332582957
25.097051004,8,0.01704219627380371,15,1596.6082321954718
25.097097484000003,8,0.02556329345703125,15,2450.7038178661824
25.097100144,8,0.008521098136901854,15,-6406.840354901129
25.097102805,8,0.01704219627380371,15,3202.216511540645
25.097106834999998,8,0.03408439254760742,15,4228.832822820421
25.097111061,8,0.01704219627380371,15,-4032.701435820009
25.097141562,8,0.02556329345703125,15,1633.9591909093933
25.097146777000003,8,0.01704219627380371,15,-1633.9591909093933
25.097152082,8,0.02556329345703125,15,1606.2388663139752
25.0971574,8,0.01704219627380371,15,-1602.3123700763208
25.097162718,8,0.02556329345703125,15,1602.3123700763208
25.097168065,8,0.01704219627380371,15,-1593.622064753596
25.097178768000003,8,0.02556329345703125,15,1592.430794190372
25.097184079999998,8,0.01704219627380371,15,-1604.1222120787202
25.097194693000002,8,0.02556329345703125,15,1605.9361439798054
25.097200028,8,0.01704219627380371,15,-1597.2065955934418
25.097205365999997,8,0.02556329345703125,15,1596.308952246605
25.097210705000002,8,0.01704219627380371,15,-1596.009959846276
25.097216077000002,8,0.02556329345703125,15,1586.2057301946475
25.097221454,8,0.01704219627380371,15,-1584.7307397397644
25.097226832,8,0.02556329345703125,15,1584.4360695090663
25.097232168999998,8,0.01704219627380371,15,-1596.6080545672112
25.0972375,8,0.02556329345703125,15,1598.4050238875532
25.097242832,8,0.01704219627380371,15,-1598.1052479768348
25.097248105,8,0.02556329345703125,15,1615.986570140095
25.097253368999997,8,0.01704219627380371,15,-1618.749465341197
25.097263956,8,0.03408439254760742,15,3201.614932468291
25.097269288,8,0.01704219627380371,15,-3196.2108536709675
25.097285566,8,0.02556329345703125,15,1554.0939604065125
25.097296259,8,0.01704219627380371,15,-1635.5272900703606
25.097311891,8,0.02556329345703125,15,1610.4889778768404
25.097322508,8,0.01704219627380371,15,-1605.3310447241354
25.097333178,8,0.02556329345703125,15,1596.6080535043873
25.097338516,8,0.01704219627380371,15,-1596.3089511841793
25.0973439,8,0.02556329345703125,15,1582.6703541341749
25.097349290999997,8,0.01704219627380371,15,-1580.6153191872525
25.097365233,8,0.02556329345703125,15,1617.5203453440336
25.097375814,8,0.01704219627380371,15,-1603.5184765896138
25.097386454,8,0.02556329345703125,15,1601.7099969549824
25.097391829,8,0.01704219627380371,15,-1585.3204059930201
25.097402594,8,0.02556329345703125,15,1582.9643668567733
25.097407881,8,0.01704219627380371,15,-1611.7074300130141
25.097418428,8,0.02556329345703125,15,1615.9865690513147
25.097429081999998,8,0.01704219627380371,15,-1598.704912284551
25.097434412,8,0.02556329345703125,15,1598.704912284551
25.097439769,8,0.01704219627380371,15,-1590.6472239923376
25.09745049,8,0.02556329345703125,15,1589.7569373475185
25.097461226,8,0.01704219627380371,15,-1587.0920437696495
25.09747192,8,0.02556329345703125,15,1599.9055920025537
25.097482559,8,0.01704219627380371,15,-1602.011126890988
25.0974931,8,0.02556329345703125,15,1617.8274500485054
25.097503689,8,0.01704219627380371,15,-1601.1080765755992
25.09751435,8,0.03408439254760742,15,3197.410182420628
25.097519670999997,8,0.01704219627380371,15,-3202.818321004158
25.097535674,8,0.03408439254760742,15,3178.3282870547123
25.097541043,8,0.01704219627380371,15,-3174.1844427914193
25.097556994999998,8,0.03408439254760742,15,3223.415220788017
25.097562282,8,0.01704219627380371,15,-3223.415220788017
25.097572934,8,0.03408439254760742,15,3198.0101865130205
25.097578262,8,0.01704219627380371,15,-3198.610411567322
25.097594347999998,8,0.03408439254760742,15,3177.1432300426127
25.097599648,8,0.01704219627380371,15,-3215.5087299719316
25.097610229,8,0.03408439254760742,15,3220.9783162429326
25.097615634999997,8,0.01704219627380371,15,-3152.4595423786363
25.097626478,8,0.02556329345703125,15,1571.5782344663348
25.097631728,8,0.01704219627380371,15,-1623.0661298430637
25.097636953000002,8,0.02556329345703125,15,1630.8319960283584
25.097647543,8,0.01704219627380371,15,-1587.9793483774304
25.097652928,8,0.02556329345703125,15,1582.3764506085115
25.097663607999998,8,0.01704219627380371,15,-1609.5763481801891
25.097668889,8,0.02556329345703125,15,1613.5385679883627
25.097679488,8,0.01704219627380371,15,-1602.312369005889
25.097684811,8,0.03408439254760742,15,3201.614930331447
25.097690135,8,0.01704219627380371,15,-3201.0135751107014
25.097700804,8,0.03408439254760742,15,3193.8148954394305
25.097706139000003,8,0.01704219627380371,15,-3194.413544448544
25.097719426,8,0.03408439254760742,15,2531.8966374925367
25.097726156,8,0.01704219627380371,15,-2532.2728493561976
25.097730406,8,0.02556329345703125,15,2004.9640431463652
25.097743358,8,0.01704219627380371,15,-1651.0554508963517
25.097748701,8,0.02556329345703125,15,1594.815118989905
25.097770123,8,0.01704219627380371,15,-1589.7569373475185
25.097775415,8,0.02556329345703125,15,1610.1846526480304
25.097785979,8,0.01704219627380371,15,-1613.2330892491746
25.097791295,8,0.03408439254760742,15,3205.8307516951686
25.097796615,8,0.01704219627380371,15,-3203.420352434144
25.097807293000002,8,0.03408439254760742,15,3181.294804032581
25.097812655000002,8,0.01704219627380371,15,-3178.3282870547123
25.097823373,8,0.03408439254760742,15,3182.4829648986765
25.097828727,8,0.01704219627380371,15,-3183.0773771565905
25.097834081000002,8,0.02556329345703125,15,1591.5385093985049
25.097844854999998,8,0.01704219627380371,15,-1581.20192725943
25.097850244,8,0.02556329345703125,15,1581.2019262170181
25.097865903000002,8,0.01704219627380371,15,-1634.8996893700664
25.097871212999998,8,0.02556329345703125,15,1604.726401286342
25.09788186,8,0.01704219627380371,15,-1600.5066084279433
25.097887198,8,0.02556329345703125,15,1596.308952246605
25.097897879,8,0.01704219627380371,15,-1595.711082613814
25.097903185,8,0.02556329345703125,15,1605.9361450550846
25.097913788000003,8,0.01704219627380371,15,-1607.4508924012014
25.097924489,8,0.03408439254760742,15,3183.0773771565905
25.097929843000003,8,0.01704219627380371,15,-3183.0773750444196
25.097940467,8,0.02556329345703125,15,1605.028664449104
25.097945776,8,0.01704219627380371,15,-1605.0286655231685
25.097951099000003,8,0.02556329345703125,15,1600.8072849362427
25.097961751,8,0.01704219627380371,15,-1599.9055920025537
25.097972421999998,8,0.02556329345703125,15,1596.907268995143
25.097983099,8,0.01704219627380371,15,-1595.4123172990437
25.09798844,8,0.02556329345703125,15,1595.412316237811
25.097999259,8,0.01704219627380371,15,-1555.5124461532805
25.099017874,9,0.01704219627380371,17,1065137.1789828867
25.099026623,9,0.02556329345703125,17,1705.2425829503138
25.099042337,9,0.01704219627380371,17,-1575.0641743537067
25.099058277,9,0.008521098136901854,17,-1624.923366925116
25.09906352,9,0.01704219627380371,17,1625.233289393408
25.099068994,9,0.03408439254760742,17,3113.2985530672886
25.099074545,9,0.01704219627380371,17,-3070.1128212500403
25.099080096,9,0.02556329345703125,17,1535.0562388227654
25.099096145,9,0.03408439254760742,17,1595.4126733523276
25.099101463,9,0.02556329345703125,17,-1602.3127287353343
25.099122743,9,0.03408439254760742,17,1599.605612146586
25.099128069,9,0.02556329345703125,17,-1599.9059501228378
25.099133388,9,0.03408439254760742,17,1602.0114854825717
25.099138705,9,0.01704219627380371,17,-3205.2278097345575
25.099144022,9,0.03408439254760742,17,3205.227811876227
25.099154713,9,0.01704219627380371,17,-3186.6485188635547
25.099160061,9,0.03408439254760742,17,3186.6485188635547
25.099165489,9,0.02556329345703125,17,-1569.8413943006806
25.099176368000002,9,0.03408439254760742,17,1566.3785085871252
25.099181617,9,0.02556329345703125,17,-1623.375708692347
25.099186839,9,0.03408439254760742,17,1631.7692621600074
25.09919206,9,0.02556329345703125,17,-1632.08180289834
25.099202749,9,0.03408439254760742,17,1592.133612217233
25.099213416999998,9,0.02556329345703125,17,-1603.217139700603
25.099224038,9,0.03408439254760742,17,1604.7267594120483
25.099234693,9,0.02556329345703125,17,-1599.0052711498315
25.099240021,9,0.03408439254760742,17,1599.3053847765884
25.099250615000003,9,0.02556329345703125,17,-1609.2727268674892
25.099261288,9,0.03408439254760742,17,1584.141864479937
25.099282623,9,0.01704219627380371,17,-3234.4270785952262
25.099287891,9,0.03408439254760742,17,3235.0410549329054
25.099309178,9,0.02556329345703125,17,-1603.5188365906445
25.09931449,9,0.03408439254760742,17,1604.1225689971425
25.099330505,9,0.01704219627380371,17,-3183.0773771565905
25.099335859,9,0.03408439254760742,17,3183.0773771565905
25.099362566,9,0.02556329345703125,17,-1647.8629062199734
25.099373091,9,0.03408439254760742,17,1591.2416605397802
25.099383855,9,0.02556329345703125,17,-1583.2588432311977
25.099394433,9,0.04260549163818359,17,3225.8561765514623
25.099399716,9,0.01704219627380371,17,-4838.783903792056
25.09940504,9,0.03408439254760742,17,3201.0135751107014
25.099426318000003,9,0.01704219627380371,17,-3210.6624444851027
25.099431626,9,0.03408439254760742,17,3210.6624487829795
25.099452971999998,9,0.02556329345703125,17,-1600.8076453952046
25.099458293,9,0.03408439254760742,17,1601.4093375920284
25.09946893,9,0.02556329345703125,17,-1602.6140853013478
25.099474246000003,9,0.03408439254760742,17,1602.915554173321
25.099479562,9,0.02556329345703125,17,-1602.9155563157965
25.099484928000003,9,0.03408439254760742,17,1587.9797027767959
25.099506311000003,9,0.02556329345703125,17,-1603.2171375573212
25.099516919000003,9,0.04260549163818359,17,3219.76160336657
25.099522209,9,0.02556329345703125,17,-3221.587559603296
25.099532864,9,0.03408439254760742,17,1588.275692613862
25.099554202,9,0.02556329345703125,17,-1611.7077907750026
25.099559488,9,0.03408439254760742,17,1612.0126920092084
25.099575558,9,0.02556329345703125,17,-1589.757293196144
25.099580951,9,0.03408439254760742,17,1580.0294998747852
25.099612818,9,0.02556329345703125,17,-1600.506966682758
25.099618153999998,9,0.03408439254760742,17,1596.9076264442874
25.099639407999998,9,0.02556329345703125,17,-1606.2392258518892
25.099644773,9,0.03408439254760742,17,1588.2756915621026
25.099671381,9,0.02556329345703125,17,-1612.9280882757314
25.09967671,9,0.03408439254760742,17,1599.0052711498315
25.099687381,9,0.02556329345703125,17,-1597.2069531095867
25.099692682,9,0.03408439254760742,17,1607.4512522104133
25.099697979000002,9,0.02556329345703125,17,-1608.665110156284
25.099703275,9,0.03408439254760742,17,1608.9688622255999
25.099735601,9,0.02556329345703125,17,-27487.416667021404
25.09973591,9,0.03408439254760742,17,27576.372399139036
25.099751304,9,0.02556329345703125,17,-1595.4126733523276
25.099756618,9,0.03408439254760742,17,1603.5188355186
25.099761927,9,0.02556329345703125,17,-1605.029024790193
25.099767237000002,9,0.03408439254760742,17,1604.7267583383882
25.09979925,9,0.02556329345703125,17,-1660.385637841435
25.099804587999998,9,0.03408439254760742,17,1596.309309561823
25.099847398,9,0.02556329345703125,17,-1582.3768037611396
25.099853176,9,0.03408439254760742,17,1474.7488911130058
25.09993236,9,0.02556329345703125,17,-1602.011484412542
25.099937685,9,0.03408439254760742,17,1600.2064019693134
25.099943011,9,0.02556329345703125,17,-1599.9059501228378
25.099948348,9,0.03408439254760742,17,1596.6084108865557
25.099970054,9,0.02556329345703125,17,-1542.0012834304307
25.099980749,9,0.03408439254760742,17,1648.1816429506548
25.09999663,9,0.02556329345703125,17,-1510.0299652096783
25.100002347,9,0.03408439254760742,17,1490.48436064499
25.10001312,9,0.02556329345703125,17,-1685.3439659943692
25.101029568999998,10,0.01704219627380371,19,3174.775760970342
25.101034879,10,0.03408439254760742,19,3209.4531574774105
25.101045481,10,0.04260549163818359,19,1607.4512522104126
25.101056106,10,0.03408439254760742,19,-1603.8206449051158
25.101061419,10,0.01704219627380371,19,-3207.640932958586
25.101072107,10,0.02556329345703125,19,1593.9201609369247
25.101082787,10,0.01704219627380371,19,-1597.805584489119
25.101088119,10,0.03408439254760742,19,3196.2108536709675
25.101093451,10,0.02556329345703125,19,-1598.105605694133
25.101104115,10,0.03408439254760742,19,1598.1056067589511
25.101109446,10,0.04260549163818359,19,1598.4053816719518
25.101120138,10,0.03408439254760742,19,-1593.6224225262374
25.101125485,10,0.04260549163818359,19,1593.6224214673848
25.101130801,10,0.03408439254760742,19,-1602.9155552445582
25.10114672,10,0.04260549163818359,19,1609.2727279472404
25.101157306,10,0.03408439254760742,19,-1609.8808027638524
25.101167984,10,0.04260549163818359,19,1595.1140187651085
25.101184043,10,0.03408439254760742,19,-1589.757292142421
25.101189402,10,0.04260549163818359,19,1590.0539450761464
25.101194681000003,10,0.03408439254760742,19,-1614.1502339761566
25.101199948,10,0.04260549163818359,19,1617.827813271651
25.101210552,10,0.03408439254760742,19,-1596.608410886555
25.1012159,10,0.04260549163818359,19,1593.3244377553215
25.101221247,10,0.03408439254760742,19,-1593.6224214673848
25.10122656,10,0.04260549163818359,19,1603.8206459775638
25.101231867,10,0.03408439254760742,19,-1605.6338972823817
25.101242617,10,0.05112659072875977,19,3131.6056914576516
25.101248077,10,0.03408439254760742,19,-3121.281717835186
25.101264026,10,0.04260549163818359,19,1629.273248893865
25.101269255,10,0.03408439254760742,19,-1629.5848330177787
25.101290504,10,0.04260549163818359,19,1580.0294998747845
25.101295913,10,0.03408439254760742,19,-1575.3557202315646
25.101301320999998,10,0.05112659072875977,19,3151.294044549097
25.101306601,10,0.03408439254760742,19,-3227.6890473589506
25.101317123,10,0.04260549163818359,19,1619.6728925211598
25.101322432,10,0.03408439254760742,19,-1605.0290247901924
25.101333063,10,0.04260549163818359,19,1602.9155552445582
25.101344082,10,0.03408439254760742,19,-1542.8388714718737
25.101349604,10,0.04260549163818359,19,1543.1182710518783
25.101360019,10,0.03408439254760742,19,-1643.0966239623876
25.101365205999997,10,0.04260549163818359,19,1642.7798530112002
25.101375791,10,0.03408439254760742,19,-1608.0579521103068
25.101381091,10,0.04260549163818359,19,1607.7545449245154
25.101402664000002,10,0.03408439254760742,19,-1617.2137192043917
25.101407908000002,10,0.04260549163818359,19,1624.9235487852059
25.101423700999998,10,0.03408439254760742,19,-1614.7620032522411
25.101428978,10,0.04260549163818359,19,1614.7620021651107
25.101455681,10,0.03408439254760742,19,-1610.4893383660917
25.101460973000002,10,0.04260549163818359,19,1610.185013069162
25.101471602,10,0.03408439254760742,19,-1602.9155541733203
25.101476918,10,0.05112659072875977,19,3205.8311104891177
25.101482321,10,0.03408439254760742,19,-3154.2102874387015
25.101487737,10,0.04260549163818359,19,1573.319625151605
25.101493152,10,0.03408439254760742,19,-1573.6101735828538
25.101498467000003,10,0.04260549163818359,19,1603.2171375573205
25.101509067,10,0.03408439254760742,19,-1607.7545449245154
25.10151432,10,0.04260549163818359,19,1622.1395561817915
25.101524812,10,0.03408439254760742,19,-1624.304058246495
25.101530173,10,0.04260549163818359,19,1589.4607519865021
25.101535552,10,0.03408439254760742,19,-1584.1418644799364
25.10154093,10,0.04260549163818359,19,1584.4364252133576
25.101546217,10,0.03408439254760742,19,-1611.707790775002
25.101556766,10,0.05112659072875977,19,3231.36104885226
25.101562130999998,10,0.03408439254760742,19,-3176.5513873312425
25.101572889,10,0.04260549163818359,19,1584.141865526228
25.10157819,10,0.03408439254760742,19,-1607.4512522104126
25.101588771,10,0.04260549163818359,19,1610.4893394474766
25.101599404,10,0.03408439254760742,19,-1602.011485482571
25.101610042,10,0.04260549163818359,19,1601.710355479161
25.101615362,10,0.03408439254760742,19,-1601.710355479161
25.101626001,10,0.05112659072875977,19,3204.6254574706686
25.101631319,10,0.03408439254760742,19,-3204.6254574706686
25.101641962000002,10,0.05112659072875977,19,3201.013931229474
25.101647288,10,0.03408439254760742,19,-3199.811902380113
25.101652613,10,0.04260549163818359,19,1600.2064019693128
25.10165802,10,0.03408439254760742,19,-1575.938429996926
25.101668855,10,0.04260549163818359,19,1572.7388500481936
25.101674147,10,0.05112659072875977,19,1610.1850130691635
25.10167942,10,0.03408439254760742,19,-3231.9738637198384
25.101684694,10,0.04260549163818359,19,1615.6805255144968
25.101695295000003,10,0.03408439254760742,19,-1607.1480739032277
25.101700598,10,0.04260549163818359,19,1606.845011014735
25.101705933,10,0.03408439254760742,19,-1597.206952045965
25.101711272,10,0.05112659072875977,19,3192.020638437248
25.101716611,10,0.03408439254760742,19,-3192.020636313192
25.101721954000002,10,0.04260549163818359,19,1594.815475970745
25.101727298,10,0.03408439254760742,19,-1594.51704596652
25.101732641999998,10,0.05112659072875977,19,3189.0340919330415
25.101738094,10,0.03408439254760742,19,-3125.861733371479
25.101743561,10,0.04260549163818359,19,1558.6426000230222
25.101749028999997,10,0.03408439254760742,19,-1558.3575519744397
25.101754218,10,0.05112659072875977,19,3284.293345780114
25.101759367,10,0.03408439254760742,19,-3309.8073766032817
25.101769828000002,10,0.05112659072875977,19,3208.245137994285
25.101775164,10,0.04260549163818359,19,-1596.907626444288
25.101780499,10,0.03408439254760742,19,-1597.206952045965
25.101785848,10,0.05112659072875977,19,3186.053128802834
25.101791199,10,0.03408439254760742,19,-3184.8623012750186
25.101796551,10,0.04260549163818359,19,1592.1336122172322
25.101812537,10,0.03408439254760742,19,-1599.6056110797672
25.101817825999998,10,0.05112659072875977,19,3222.196670555828
25.10182311,10,0.03408439254760742,19,-3225.2456792195735
25.101828392999998,10,0.04260549163818359,19,1612.9280893603932
25.101839089000002,10,0.03408439254760742,19,-1592.133611160357
25.101844442,10,0.04260549163818359,19,1591.8361839070692
25.101850383000002,10,0.03408439254760742,19,-1434.2870036579018
25.101856409,10,0.05112659072875977,19,2828.111216025179
25.101862434999997,10,0.03408439254760742,19,-2828.111216025179
25.101871819,10,0.04260549163818359,19,1851.205537531005
25.101886964000002,10,0.03408439254760742,19,-1603.2171375573205
25.101897622,10,0.04260549163818359,19,1595.114019825944
25.101902968999998,10,0.03408439254760742,19,-1593.6224225262374
25.101908315,10,0.05112659072875977,19,3187.8410354348794
25.101913668,10,0.03408439254760742,19,-3183.6723657011794
25.101929707,10,0.04260549163818359,19,1598.7052701360763
25.10194036,10,0.03408439254760742,19,-1599.6056110797672
25.101945693999998,10,0.04260549163818359,19,1597.506392008365
25.10195103,10,0.03408439254760742,19,-1596.9076253810642
25.101972183,10,0.05112659072875977,19,3233.8136971914014
25.101977508,10,0.03408439254760742,19,-3200.412803938627
25.101998874,10,0.04260549163818359,19,1592.4311516947787
25.102010128000003,10,0.03408439254760742,19,-1443.7646710011811
25.102022089,10,0.04260549163818359,19,1424.6947156247793
25.102026915,10,0.03408439254760742,19,-1765.6649581645872
25.103042980999998,15,0.01704219627380371,21,3176.5510318142556
25.10304823,15,0.05112659072875977,21,6493.502467000634
25.103053464000002,15,0.04260549163818359,21,-1628.028101908926
25.103058697,15,0.059647689819335936,21,3256.6784220562113
25.103064034,15,0.05112659072875977,21,-1596.6084119493792
25.103069386999998,15,0.04260549163818359,21,-1591.8361839070706
25.103074739,15,0.03408439254760742,21,-1592.133611160357
25.103080069,15,0.02556329345703125,21,-1598.705270136077
25.103085396999997,15,0.03408439254760742,21,1599.3053858430062
25.103096039,15,0.05112659072875977,21,3206.434277257924
25.103122615,15,0.059647689819335936,21,1602.6140853013471
25.103138519,15,0.05112659072875977,21,-1607.4512522104126
25.103143833999997,15,0.059647689819335936,21,1603.2171397006023
25.10314915,15,0.06816878509521485,21,1602.914836585424
25.103154466,15,0.05112659072875977,21,-3205.8303929012195
25.103159783,15,0.06816878509521485,21,3205.2274531497583
25.103165101,15,0.059647689819335936,21,-1602.312011417308
25.103170418999998,15,0.06816878509521485,21,1602.312011417308
25.103175781999997,15,0.059647689819335936,21,-1588.8672900315391
25.103186521,15,0.06816878509521485,21,1586.79614069262
25.103191821,15,0.059647689819335936,21,-1607.7538262480305
25.103197111,15,0.06816878509521485,21,1610.79305760506
25.103207719999997,15,0.059647689819335936,21,-1602.010768299405
25.103213044,15,0.06816878509521485,21,1600.506249105109
25.103234295,15,0.059647689819335936,21,-1605.0283051820804
25.103239703,15,0.06816878509521485,21,1575.646315859037
25.103261146,15,0.059647689819335936,21,-1610.4886173875889
25.103266437,15,0.06816878509521485,21,1610.4886184689733
25.103282434,15,0.059647689819335936,21,-1597.5056757780048
25.103287706,15,0.06816878509521485,21,1616.2927308676092
25.103324952999998,15,0.059647689819335936,21,-1610.79305760506
25.103330242,15,0.06816878509521485,21,1611.0976129445744
25.103351573,15,0.07668988037109375,21,1590.6468689993346
25.103356934,15,0.059647689819335936,21,-3178.9200808440137
25.103362295,15,0.06816878509521485,21,1589.4600404220068
25.103431617,15,0.059647689819335936,21,-1612.3169868300286
25.103436889,15,0.06816878509521485,21,1616.2927297784163
25.103479473,15,0.07668988037109375,21,1586.205375140919
25.103484852,15,0.06816878509521485,21,-1584.1411552965828
25.103490232,15,0.059647689819335936,21,-1583.8467062893142
25.103495512000002,15,0.06816878509521485,21,1613.8438011989335
25.10351134,15,0.07668988037109375,21,1609.2720064336343
25.103516639000002,15,0.06816878509521485,21,-1608.0572322202788
25.103565182999997,15,0.07668988037109375,21,1717.6164641595378
25.103570144000003,15,0.06816878509521485,21,-1717.6164616994695
25.103586002,15,0.07668988037109375,21,1607.7538251703156
25.103591306,15,0.06816878509521485,21,-1606.5413421154635
25.10359661,15,0.07668988037109375,21,1606.5413410393735
25.103601914,15,0.059647689819335936,21,-3213.082684230927
25.103607217,15,0.06816878509521485,21,1606.8442905912166
25.103633839999997,15,0.07668988037109375,21,1595.4119601845275
25.103639199,15,0.06816878509521485,21,-1590.053232191977
25.103660744,15,0.07668988037109375,21,1573.900125780499
25.103666158,15,0.06816878509521485,21,-1573.900124747692
25.103703618,15,0.07668988037109375,21,1665.9032795970932
25.103708667,15,0.06816878509521485,21,-1687.6797936917824
25.103745698999997,15,0.07668988037109375,21,1605.9357855849319
25.103751071999998,15,0.06816878509521485,21,-1585.910157291255
25.103793995,15,0.07668988037109375,21,3039.991178328402
25.103799016,15,0.06816878509521485,21,-1697.0912719111755
25.103820402,15,0.059647689819335936,21,-1590.943853129448
25.103825757,15,0.06816878509521485,21,1591.240948178013
25.103847037,15,0.07668988037109375,21,1611.7070692510263
25.103852319,15,0.06816878509521485,21,-1613.2327292307582
25.10389488,15,0.07668988037109375,21,1594.2180118150686
25.103900232,15,0.06816878509521485,21,-1592.132898399285
25.103916344,15,0.07668988037109375,21,1583.2581333980265
25.103921727,15,0.06816878509521485,21,-1582.9640125285864
25.103937436,15,0.07668988037109375,21,1629.2725195062437
25.103942752,15,0.06816878509521485,21,-1602.9148376566611
25.103958786,15,0.07668988037109375,21,1584.7303850161954
25.103964169999998,15,0.06816878509521485,21,-1582.6699998717993
25.103980389,15,0.08521098327636718,21,3144.3170071222603
25.103985808,15,0.06816878509521485,21,-3144.897246514558
25.103991029,15,0.07668988037109375,21,1632.0810722533936
25.103996222000003,15,0.06816878509521485,21,-1640.8810457134584
25.10400669,15,0.07668988037109375,21,1615.3735121767493
25.104011978,15,0.06816878509521485,21,-1611.4022834714428
25.104017265,15,0.07668988037109375,21,1611.7070692510263
25.104022624000002,15,0.06816878509521485,21,-1590.053232191977
25.10403871,15,0.07668988037109375,21,1593.6217080398071
25.105050557,20,0.02556329345703125,23,4789.824521083802
25.105055894,20,0.04260549163818359,23,3193.2168217731105
25.105061232,20,0.059647689819335936,23,3192.618616998794
25.105066569999998,20,0.06816878509521485,23,1596.3085949313877
25.105071908000003,20,0.059647689819335936,23,-1596.3085928065366
25.105082568999997,20,0.05112659072875977,23,-1598.705271201694
25.105087898,20,0.059647689819335936,23,1599.0052700838132
25.105103866,20,0.07668988037109375,23,3201.613855365095
25.105109174000003,20,0.06816878509521485,23,-1605.3306843149585
25.10511448,20,0.08521098327636718,23,3211.8730090504746
25.105130475000003,20,0.09373208618164063,23,1593.6231348949652
25.105167740000002,20,0.10225318145751952,23,1606.8442905912138
25.105173089,20,0.09373208618164063,23,-1593.0258512405874
25.105178444,20,0.10225318145751952,23,1591.2409481780105
25.105221009,20,0.11077427673339844,23,1595.4119591232977
25.105226356,20,0.10225318145751952,23,-1593.6217090986618
25.105242314999998,20,0.11077427673339844,23,1606.541342115466
25.105247618,20,0.10225318145751952,23,-1606.844290591219
25.105258301000003,20,0.11077427673339844,23,1594.5163310784012
25.105263643999997,20,0.10225318145751952,23,-1594.8147641299433
25.10526899,20,0.11077427673339844,23,1593.9198041564132
25.105279683,20,0.10225318145751952,23,-1593.6217080398096
25.105295619,20,0.11929537200927734,23,3208.847779193223
25.105300947,20,0.10225318145751952,23,-3198.6093376097597
25.105311608,20,0.11077427673339844,23,1598.404666103157
25.10531696,20,0.10225318145751952,23,-1592.1328994561622
25.105322316000002,20,0.11077427673339844,23,1590.9438520741542
25.105327671999998,20,0.10225318145751952,23,-1590.9438541847471
25.105338291,20,0.11929537200927734,23,3211.8715711698637
25.105343598,20,0.10225318145751952,23,-3211.2663548053456
25.105354231,20,0.11077427673339844,23,1602.6133667775796
25.105359548,20,0.10225318145751952,23,-1602.6133678484139
25.1053649,20,0.11077427673339844,23,1592.1328983992876
25.105370258,20,0.10225318145751952,23,-1590.3499957255715
25.105375616,20,0.11077427673339844,23,1590.3499957255715
25.10538619,20,0.10225318145751952,23,-1613.232729230761
25.105396816,20,0.11077427673339844,23,1594.5163321384425
25.105402168,20,0.10225318145751952,23,-1592.1328983992876
25.105412864,20,0.11077427673339844,23,1594.5163310784012
25.105428822,20,0.10225318145751952,23,-1615.679801123656
25.105439352,20,0.11077427673339844,23,1618.4416482569975
25.105444673,20,0.10225318145751952,23,-1601.4086217476568
25.105450001,20,0.11077427673339844,23,1599.3046688048826
25.105467409,20,0.10225318145751952,23,-1399.8842249156253
25.105473496,20,0.11077427673339844,23,1399.8842249156253
25.105482866,20,0.10225318145751952,23,-1855.639215209866
25.105487457,20,0.11077427673339844,23,1856.0434058804954
25.105492726,20,0.10225318145751952,23,-1617.212995215543
25.105498092999998,20,0.11077427673339844,23,1587.6831156239728
25.105508852,20,0.10225318145751952,23,-1580.0287925324433
25.105514248,20,0.11929537200927734,23,3158.3006959726554
25.105519645,20,0.10225318145751952,23,-3157.715498237545
25.105530119,20,0.11929537200927734,23,3260.415258244867
25.105535345,20,0.10225318145751952,23,-3261.0391418133045
25.105545953,20,0.11077427673339844,23,1604.7260410133194
25.105557609999998,20,0.10225318145751952,23,-1342.3275490559624
25.105564108,20,0.11077427673339844,23,1311.3412241185201
25.105575080999998,20,0.10225318145751952,23,-1903.7299555402415
25.105583455,20,0.11077427673339844,23,2035.1314239726644
25.105599308000002,20,0.10225318145751952,23,-1598.10489025954
25.105609978,20,0.11077427673339844,23,1597.2062370136791
25.105620628,20,0.10225318145751952,23,-1603.2164198344149
25.105625939000003,20,0.11077427673339844,23,1604.4238885233588
25.105631251,20,0.10225318145751952,23,-1604.121853014598
25.105636600999997,20,0.11077427673339844,23,1592.7280893745228
25.105647314000002,20,0.10225318145751952,23,-1590.9438520741542
25.105657908,20,0.11077427673339844,23,1609.8800820577794
25.105673793,20,0.10225318145751952,23,-1608.6643899944477
25.105679089000002,20,0.11077427673339844,23,1608.968140848437
25.105684426,20,0.10225318145751952,23,-1596.6076971850457
25.105689768,20,0.11929537200927734,23,3190.226609339555
25.105695111,20,0.10225318145751952,23,-3189.629526139005
25.105700482,20,0.11077427673339844,23,1586.5007029209053
25.105711233,20,0.10225318145751952,23,-1585.3200511374637
25.105716520999998,20,0.11077427673339844,23,1611.4022845540574
25.105721796999998,20,0.10225318145751952,23,-1615.0673382484028
25.105727072,20,0.11077427673339844,23,1615.3735110887974
25.105743101,20,0.10225318145751952,23,-1593.9198041564132
25.105748460999997,20,0.11929537200927734,23,3179.513165105231
25.105753824,20,0.10225318145751952,23,-3177.7345779579914
25.105759186,20,0.11077427673339844,23,1589.1636099535156
25.105780492999997,20,0.10225318145751952,23,-1538.9372009396352
25.105786069999997,20,0.11929537200927734,23,3055.79891572707
25.105791646999997,20,0.10225318145751952,23,-3055.79891572707
25.105796779,20,0.11077427673339844,23,1660.3848933760953
25.105812207,20,0.10225318145751952,23,-1610.4886184689758
25.10581753,20,0.11077427673339844,23,1600.80692768255
25.105833548,20,0.10225318145751952,23,-1593.0258512405926
25.105838897,20,0.11077427673339844,23,1593.0258501825324
25.105849553,20,0.10225318145751952,23,-1599.6048960404755
25.10585488,20,0.11077427673339844,23,1599.6048949736578
25.105860241,20,0.10225318145751952,23,-1589.4600404220093
25.105865608,20,0.11929537200927734,23,3175.36622914599
25.105870974000002,20,0.10225318145751952,23,-3175.957983750662
25.105881644,20,0.11077427673339844,23,1597.8052268389004
25.105897836,20,0.10225318145751952,23,-1567.530404360127
25.105903273,20,0.11077427673339844,23,1567.242096371449
25.105913625,20,0.10225318145751952,23,-1651.6951503912255
25.105918783,20,0.11077427673339844,23,1652.015369355729
25.105924076,20,0.11929537200927734,23,1609.8800820577742
25.105929388,20,0.10225318145751952,23,-3208.2437038834883
25.105940049,20,0.11077427673339844,23,1593.0258512405926
25.105945403,20,0.11929537200927734,23,1591.5381542071782
25.105950757,20,0.10225318145751952,23,-3183.076308414362
25.105956199,20,0.11077427673339844,23,1565.802144755425
25.105972438000002,20,0.10225318145751952,23,-1599.0045553124794
25.105977749999997,20,0.11929537200927734,23,3208.243706029191
25.105983062,20,0.10225318145751952,23,-3208.243701737786
25.105988774,20,0.11077427673339844,23,1491.7883886076054
25.105994543,20,0.10225318145751952,23,-1477.0489294521785
25.106000312,20,0.11077427673339844,23,1477.0489303617871
25.106009957999998,20,0.10225318145751952,23,-1790.1460665518111
25.106020083,20,0.11077427673339844,23,1588.274980528133
25.106025535,20,0.10225318145751952,23,-1562.9301680165167
25.106036343,20,0.11077427673339844,23,1590.6468689993374
25.106047029000003,20,0.10225318145751952,23,-1594.8147620090672
25.106052959,20,0.11077427673339844,23,1436.9469275621952
25.107069204,25,0.05112659072875977,25,9631.987705683647
25.107074508,25,0.06816878509521485,25,3213.0834012901455
25.107079812,25,0.07668988037109375,25,1606.5413421154635
25.107085115999997,25,0.06816878509521485,25,-1606.5413421154635
25.107090436,25,0.07668988037109375,25,1601.7096373611769
25.10709576,25,0.06816878509521485,25,-1600.5062501731293
25.107106422,25,0.08521098327636718,25,3192.0206363131906
25.107117104,25,0.09373208618164063,25,1595.4133886425946
25.107122413000003,25,0.08521098327636718,25,-1605.0297422501778
25.107127719,25,0.10225318145751952,25,3211.8730090504746
25.107143725,25,0.11077427673339844,25,1591.5381542071834
25.107154403,25,0.11929537200927734,25,1600.2056855942378
25.107159724000002,25,0.11077427673339844,25,-1601.4086206784266
25.107165045000002,25,0.11929537200927734,25,1601.4086217476515
25.107170385,25,0.12781646728515625,25,1595.7107264940526
25.107175727999998,25,0.11929537200927734,25,-1594.8147630695025
25.107181071,25,0.12781646728515625,25,1594.8147620090647
25.107186402,25,0.11929537200927734,25,-1598.4046661031543
25.107191732,25,0.1363375701904297,25,3197.4105402721552
25.107197062,25,0.11929537200927734,25,-3197.4105402721552
25.107207642000002,25,0.1363375701904297,25,3223.4155815500067
25.107212929000003,25,0.12781646728515625,25,-1611.7085122989802
25.107228927,25,0.1363375701904297,25,1597.2076660146345
25.107234288,25,0.12781646728515625,25,-1589.4614635510002
25.107239653,25,0.1363375701904297,25,1588.2764036478359
25.107245018,25,0.11929537200927734,25,-3176.5513852277254
25.107250338999997,25,0.1363375701904297,25,3202.8186794609596
25.107260968,25,0.12781646728515625,25,-1603.2178563518728
25.107276892,25,0.1363375701904297,25,1605.3321216537922
25.107282244999997,25,0.12781646728515625,25,-1591.8368975914734
25.107287604,25,0.1363375701904297,25,1590.0546558520869
25.107292963,25,0.12781646728515625,25,-1590.054656906203
25.107298263,25,0.1363375701904297,25,1607.7552646787176
25.107308848,25,0.12781646728515625,25,-1609.881523469931
25.107314201,25,0.1363375701904297,25,1591.8368954785121
25.107319564,25,0.11929537200927734,25,-3177.7360026613505
25.107324926,25,0.14485867309570313,25,4767.493675587705
25.10733024,25,0.1363375701904297,25,-1603.5195533765736
25.107335545999998,25,0.12781646728515625,25,-1605.9372234655455
25.107340853,25,0.1363375701904297,25,1605.6346150123447
25.107351472999998,25,0.12781646728515625,25,-1604.727477810781
25.107356783,25,0.1363375701904297,25,1604.7274767371205
25.107376276,25,0.12781646728515625,25,-848.5463957040973
25.107386319,25,0.1363375701904297,25,848.4619043702385
25.107388123,25,0.12781646728515625,25,-4723.449503901829
25.10738875,25,0.1363375701904297,25,13590.275796602242
25.107394082,25,0.14485867309570313,25,1810.6891006903568
25.107399369,25,0.12781646728515625,25,-3223.4170245979603
25.107404657,25,0.1363375701904297,25,1611.4037262465056
25.107426022,25,0.12781646728515625,25,-1594.2194392041297
25.107431367,25,0.1363375701904297,25,1594.2194392041297
25.107436712,25,0.14485867309570313,25,1594.2194402637751
25.107442031999998,25,0.1363375701904297,25,-1601.7110725275206
25.107447348,25,0.12781646728515625,25,-1602.9162717612194
25.107452665,25,0.1363375701904297,25,1602.6148027542856
25.107468537,25,0.12781646728515625,25,-1610.7944998346502
25.107473926999997,25,0.1363375701904297,25,1580.9096304110676
25.10749003,25,0.12781646728515625,25,-1609.2734473013456
25.107495309999997,25,0.1363375701904297,25,1613.8452483318101
25.10750059,25,0.14485867309570313,25,1613.8452461600184
25.107506,25,0.1363375701904297,25,-1575.0652320331712
25.107522108,25,0.12781646728515625,25,-1622.7581229457273
25.107527332,25,0.1363375701904297,25,1631.1452732050661
25.107532557,25,0.14485867309570313,25,1630.8330922656376
25.107540646,25,0.1363375701904297,25,-1053.4185812613687
25.107562725,25,0.14485867309570313,25,3976.2495998280765
25.107564867,25,0.1363375701904297,25,-3978.105932253872
25.107569836,25,0.12781646728515625,25,-1714.8526679312472
25.107575208,25,0.1363375701904297,25,1586.2067953558355
25.107591145999997,25,0.12781646728515625,25,-1614.762726143519
25.107596422,25,0.14485867309570313,25,3230.1375664348807
25.107601738,25,0.1363375701904297,25,-1602.9162728324577
25.107617842,25,0.12781646728515625,25,-1560.927441750562
25.107623322,25,0.1363375701904297,25,1554.9457860112598
25.107628801,25,0.14485867309570313,25,1555.229586045898
25.107634011,25,0.1363375701904297,25,-1635.5283894669951
25.107644355,25,0.12781646728515625,25,-1647.545031443333
25.107649711999997,25,0.1363375701904297,25,1590.6482942458629
25.107655095,25,0.14485867309570313,25,1582.965428796599
25.107660479,25,0.1363375701904297,25,-1582.6714158769548
25.107671083,25,0.12781646728515625,25,-1608.6658313970615
25.107676379,25,0.14485867309570313,25,3217.939162888157
25.107681695,25,0.1363375701904297,25,-1602.9162728324577
25.107687013,25,0.12781646728515625,25,-1602.3134460533618
25.107692332,25,0.14485867309570313,25,3204.024405331479
25.107697639,25,0.1363375701904297,25,-1605.6346150123447
25.107718897999998,25,0.14485867309570313,25,1599.906667430626
25.107724224000002,25,0.1363375701904297,25,-1599.9066652961872
25.107729554000002,25,0.12781646728515625,25,-1598.7059858391294
25.107734883000003,25,0.1363375701904297,25,1599.0059869871873
25.107745574,25,0.14485867309570313,25,1589.4614635510002
25.107750940000003,25,0.1363375701904297,25,-1587.980413678262
25.107756305,25,0.14485867309570313,25,1588.2764046995958
25.107761633,25,0.1363375701904297,25,-1599.3061007482981
25.107818089000002,25,0.14485867309570313,25,2601.06926206934
25.107820554000003,25,0.12781646728515625,25,-6913.673752746346
25.10782302,25,0.1363375701904297,25,3455.4350820162904
25.107831703,25,0.12781646728515625,25,-1907.567251359627
25.10783617,25,0.14485867309570313,25,3815.134499684985
25.107841388,25,0.1363375701904297,25,-1633.0208704933982
25.107862726,25,0.12781646728515625,25,-1594.2194402637751
25.107868071000002,25,0.1363375701904297,25,1594.2194392041297
25.107915987000002,25,0.12781646728515625,25,-1604.425325050287
25.107921302999998,25,0.1363375701904297,25,1602.9162739036958
25.107931936,25,0.14485867309570313,25,1602.9162717612194
25.107937243000002,25,0.12781646728515625,25,-3211.2692300246895
25.107942547,25,0.1363375701904297,25,1606.5427805382642
25.107963838,25,0.12781646728515625,25,-1598.7059858391294
25.107969183,25,0.1363375701904297,25,1594.2194392041297
25.107979878,25,0.12781646728515625,25,-1593.623135953818
25.107985199999998,25,0.1363375701904297,25,1601.1091517439388
25.108001176000002,25,0.12781646728515625,25,-1596.0110315911527
25.108006517000003,25,0.1363375701904297,25,1595.4133875813611
25.108017155000002,25,0.12781646728515625,25,-1608.6658303181246
25.108022445,25,0.1363375701904297,25,1610.7945009164446
25.108033067,25,0.12781646728515625,25,-1598.406097240752
25.108043742000003,25,0.1363375701904297,25,1596.310022067407
25.108054441,25,0.12781646728515625,25,-1592.4318645890553
25.108059791,25,0.1363375701904297,25,1592.7295154295734
25.10908277,30,0.01704219627380371,27,2036.1046922696514
25.10909114,30,0.07668988037109375,27,7126.366081125029
25.109096265,30,0.09373208618164063,27,3325.30845001343
25.109105587,30,0.11077427673339844,27,3656.3378154005745
25.109111728,30,0.10225318145751952,27,-2873.893856846165
25.109114693,30,0.11929537200927734,27,5747.787706805223
25.109127495,30,0.11077427673339844,27,-1285.2330736923686
25.109134124,30,0.11929537200927734,27,1285.4269534047994
25.109142666,30,0.12781646728515625,27,2071.243382902201
25.10915187,30,0.1363375701904297,27,1673.7581814785876
25.109167636,30,0.14485867309570313,27,1606.5427805382642
25.109172951,30,0.15337977600097658,27,1603.2178552802313
25.109194207,30,0.16190087890625,27,1603.8213628981978
25.109204907,30,0.15337977600097658,27,-1592.1343249783022
25.109210259,30,0.17042196655273434,27,3184.2657967985597
25.109215564,30,0.16190087890625,27,-1606.2370686244008
25.109220861999997,30,0.15337977600097658,27,-1608.3621949370413
25.10922616,30,0.17042196655273434,27,3216.7215076133875
25.109231759,30,0.16190087890625,27,-1521.8945605175259
25.109237400999998,30,0.17042196655273434,27,1510.295577758224
25.10924814,30,0.16190087890625,27,-1671.7849025371381
25.10925316,30,0.17042196655273434,27,1697.4278169285853
25.109258179,30,0.16190087890625,27,-1697.7660185599825
25.109268913,30,0.17894305419921874,27,3161.8135989337975
25.109274303,30,0.16190087890625,27,-3161.8135989337975
25.109279592,30,0.17042196655273434,27,1611.0961704422941
25.109290142000003,30,0.16190087890625,27,-1615.3720647580733
25.109295491,30,0.17042196655273434,27,1593.0244249189295
25.109316785,30,0.17894305419921874,27,1613.2312848168042
25.109322066,30,0.16190087890625,27,-3227.073526429018
25.109327377000003,30,0.17042196655273434,27,1604.4224519964202
25.109343412999998,30,0.16190087890625,27,-1575.9363144997983
25.109348832,30,0.17042196655273434,27,1572.4465114115847
25.109359534,30,0.17894305419921874,27,1613.2312848168042
25.109364796999998,30,0.16190087890625,27,-3238.1104499134713
25.109370059,30,0.17042196655273434,27,1619.3629120730889
25.109385937,30,0.17894305419921874,27,1609.5745467553422
25.109391318,30,0.17042196655273434,27,-1583.550946791366
25.109412636000002,30,0.17894305419921874,27,1621.2115000247118
25.109417893000003,30,0.17042196655273434,27,-1620.9031089968078
25.109428595,30,0.17894305419921874,27,1590.6454437528134
25.109433953,30,0.17042196655273434,27,-1590.3485717997557
25.109444557,30,0.17894305419921874,27,1608.0557924402253
25.109449854999998,30,0.17042196655273434,27,-1608.3593148334141
25.109472147,30,0.17894305419921874,27,1351.6953755342463
25.109478591,30,0.17042196655273434,27,-1322.328934019665
25.109491479,30,0.17894305419921874,27,1322.328934019665
25.109497923,30,0.17042196655273434,27,-1322.328933290637
25.109504367000003,30,0.17894305419921874,27,1322.328932561609
25.109508096000003,30,0.17042196655273434,27,-2285.0865239299837
25.109511437000002,30,0.17894305419921874,27,2550.4602359200057
25.109514779,30,0.17042196655273434,27,-2549.6970819860144
25.109529948,30,0.17894305419921874,27,1660.7070063239973
25.109535432,30,0.17042196655273434,27,-1553.8088334275465
25.109540966,30,0.17894305419921874,27,1539.7700844096819
25.1095465,30,0.17042196655273434,27,-1539.7700844096819
25.109556612,30,0.17894305419921874,27,1696.0763627488602
25.109561635,30,0.17042196655273434,27,-1696.4140248040271
25.10956695,30,0.17894305419921874,27,1603.2149843885982
25.109572305999997,30,0.17042196655273434,27,-1590.942429727218
25.109577663,30,0.17894305419921874,27,1590.6454437528134
25.10958298,30,0.17042196655273434,27,-1602.6119329425421
25.109593602,30,0.17894305419921874,27,1604.422453069685
25.109598918,30,0.17042196655273434,27,-1602.91340248087
25.109620231,30,0.17894305419921874,27,1595.4105306652343
25.109625573000002,30,0.17042196655273434,27,-1595.111876479118
25.109630898,30,0.17894305419921874,27,1600.2042539117172
25.10963622,30,0.17042196655273434,27,-1601.1062846283735
25.109641542000002,30,0.17894305419921874,27,1601.1062835595512
25.109648289,30,0.17042196655273434,27,-1262.9446643506174
25.109676462,30,0.17894305419921874,27,1827.383154426954
25.109680925,30,0.17042196655273434,27,-1909.273503672209
25.10968536,30,0.17894305419921874,27,1921.3275410410135
25.109689794999998,30,0.16190087890625,27,-3842.655085160223
25.109694961000002,30,0.17042196655273434,27,1649.4556017792431
25.109700231999998,30,0.17894305419921874,27,1616.5979232815093
25.109705502,30,0.17042196655273434,27,-1616.9046759512662
25.109758866,30,0.17894305419921874,27,1614.4538929398673
25.109764125999998,30,0.16190087890625,27,-3239.9572811219837
25.109769385,30,0.17894305419921874,27,3240.573357569504
25.109774987,30,0.16190087890625,27,-3042.159101735537
25.109780637,30,0.17042196655273434,27,1508.1571059662028
25.109786287,30,0.17894305419921874,27,1508.1571059662126
25.109791395,30,0.17042196655273434,27,-1668.1847389799916
25.109796425,30,0.16190087890625,27,-1694.0532098626757
25.109801455,30,0.17042196655273434,27,1694.0532098626757
25.109812058,30,0.17894305419921874,27,1602.0093339330758
25.109817378,30,0.17042196655273434,27,-1601.7082043340924
25.109822692,30,0.16190087890625,27,-1603.5166808726347
25.109828006,30,0.17042196655273434,27,1603.5166819446774
25.109844652,30,0.17894305419921874,27,1497.818183135978
25.109850341,30,0.16190087890625,27,-2995.6363662719464
25.109855369,30,0.17042196655273434,27,1694.7270576550031
25.109865237999998,30,0.17894305419921874,27,1727.014116979024
25.109870537,30,0.17042196655273434,27,-1608.0557924402253
25.109891921,30,0.17894305419921874,27,1596.0081746668477
25.109897260999997,30,0.17042196655273434,27,-1595.7092977684893
25.109902558,30,0.16190087890625,27,-1608.6629485918252
25.109907849,30,0.17894305419921874,27,3220.974353023928
25.109913139,30,0.17042196655273434,27,-1610.7916153754752
25.109939823,30,0.16190087890625,27,-1594.5149034222313
25.109945167000003,30,0.17894305419921874,27,3189.029806844473
25.109950521,30,0.17042196655273434,27,-1591.5367302736297
25.10996123,30,0.17894305419921874,27,1591.2395234544824
25.109966549,30,0.17042196655273434,27,-1602.0093339330758
25.109971863,30,0.16190087890625,27,-1603.5166819446774
25.109977177,30,0.17894305419921874,27,3207.0333617452798
25.109982494,30,0.16190087890625,27,-3205.223865885074
25.109987812,30,0.17894305419921874,27,3204.621153562509
25.10999313,30,0.17042196655273434,27,-1602.3105767812597
25.110011704,30,0.17894305419921874,27,892.16706576283
25.110021256,30,0.17042196655273434,27,-892.0736650121867
25.110025656,30,0.17894305419921874,27,7642.2310495183165
25.110030436000002,30,0.17042196655273434,27,-1782.6543189201577
25.110035739,30,0.17894305419921874,27,1606.8428529736698
25.110041043000003,30,0.17042196655273434,27,-1606.539902616579
25.110046386999997,30,0.16190087890625,27,-1594.514905542312
25.110051737000003,30,0.17894305419921874,27,3185.4533224082784
25.110057086,30,0.17042196655273434,27,-1593.0244249189398
25.110062384,30,0.17894305419921874,27,1608.3593148334141
25.110067673,30,0.17042196655273434,27,-1611.0961704423048
25.110078477,30,0.17894305419921874,27,1545.3550325866452
25.111110913,35,0.06816878509521485,29,6413.471171592369
25.111112277,35,0.09373208618164063,29,18741.423095279977
25.111112316,35,0.11077427673339844,29,436979.2485677639
25.111112356000003,35,0.12781646728515625,29,426054.7285420188
25.111117011999998,35,0.11929537200927734,29,-1830.1321490664156
25.111122327,35,0.1363375701904297,29,3206.4342751146432
25.111138232000002,35,0.14485867309570313,29,1609.881523469931
25.111143526,35,0.1363375701904297,29,-1609.5774290351014
25.111154163,35,0.14485867309570313,29,1601.7110725275206
25.111159482999998,35,0.1363375701904297,29,-1601.7110725275206
25.111164886999997,35,0.15337977600097658,29,3153.628018535264
25.111170301999998,35,0.14485867309570313,29,-1573.6108780514178
25.111175718,35,0.15337977600097658,29,1573.320329490097
25.111186252,35,0.16190087890625,29,1620.906011562721
25.11119151,35,0.15337977600097658,29,-1620.5977372863463
25.111196821,35,0.17042196655273434,29,3208.8477791932123
25.111202139,35,0.16190087890625,29,-1602.3105767812492
25.111212765,35,0.17042196655273434,29,-3211.2663548053456
25.111218071,35,0.17894305419921874,29,1605.9343477043237
25.111228717000003,35,0.17042196655273434,29,-3191.4214487415857
25.111244731,35,0.17894305419921874,29,-1600.2071183443823
25.113103529,40,0.03408439254760742,31,6385.236523616856
25.113108866999998,40,0.10225318145751952,31,12770.473761864147
25.113114176,40,0.12781646728515625,31,4815.084915546241
25.113119482,40,0.1363375701904297,31,1605.9372234655455
25.113124788,40,0.16190087890625,31,4817.811667170791
25.113130114,40,0.15337977600097658,31,-1599.9066663634014
25.113135444,40,0.16190087890625,31,1598.7059858391242
25.113140773999998,40,0.17042196655273434,31,1598.7031240925332
25.113146209,40,0.17894305419921874,31,1567.8174136646282
25.11315166,40,0.17042196655273434,31,-1563.215491975949
25.11315711,40,0.16190087890625,31,-1563.5023205303225
25.113162359,40,0.17042196655273434,31,1623.3735273512896
25.113167580000002,40,0.17894305419921874,31,1632.0796098529304
25.113172801,40,0.16190087890625,31,-3264.159221927
25.113178115,40,0.17042196655273434,31,1603.5166819446774
25.113183442,40,0.17894305419921874,31,1599.6034627614333
25.113199613,40,0.17894305419921874,31,-1569.5529394746854
25.115117272,45,0.008521098136901854,33,1519.9961004776249
25.115122877,45,0.08521098327636718,33,13682.40590782747
25.115127945,45,0.1363375701904297,33,10088.118964675046
25.115132936000002,45,0.15337977600097658,33,3414.5874188880825
25.115137928,45,0.17042196655273434,33,3413.90035270994
25.115148539000003,45,0.17894305419921874,33,-1599.606326119058
25.117129867,50,0.05112659072875977,35,9630.173430207109
25.117135176,50,0.1363375701904297,35,16050.288081559138
25.117140507,50,0.15337977600097658,35,3196.8121966119406
25.119143085,55,0.01704219627380371,37,3189.0337328989176
25.119148430000003,55,0.11077427673339844,37,17536.404196369258
25.119153756,55,0.15337977600097658,37,7999.530472190852
25.121156323,60,0.06816878509521485,39,12780.049697222083
25.121161657000002,60,0.15337977600097658,39,15975.06390944346
25.123173956,65,0.02556329345703125,41,3347.7335593196403
25.123181592,65,0.12781646728515625,41,13390.934231048315
25.125182899,70,0.08521098327636718,43,15993.052426486642
25.125188227,70,0.16190087890625,43,14393.749178961003
25.127196203,75,0.02556329345703125,45,4784.445713950556
25.127201546000002,75,0.14485867309570313,45,22327.41523566708
25.129209502000002,80,0.09373208618164063,47,17651.99362332354
25.131222648999998,85,0.03408439254760742,49,6361.402123009037
25.131228007,85,0.17894305419921874,49,27035.957741000002
25.133235817,90,0.10225318145751952,51,19152.122401630317
25.135249081999998,95,0.0341,53,6404.958681992183
25.137262588000002,100,0.128,55,23310.87233833363
