399, -181, -221
402, -191, -221
408, -180, -219
412, -181, -228
411, -180, -214
403, -175, -217
411, -182, -229
405, -184, -216
412, -184, -221
402, -176, -228
410, -173, -218
412, -176, -228
406, -193, -234
411, -180, -219
407, -184, -221
391, -188, -222
406, -182, -219
407, -176, -216
407, -186, -221
416, -185, -227
410, -184, -226
398, -175, -219
410, -178, -213
412, -178, -223
410, -184, -221
398, -190, -212
397, -176, -218
392, -176, -216
398, -185, -209
386, -193, -202
363, -175, -197
351, -173, -193
344, -168, -196
349, -171, -186
331, -173, -176
330, -177, -170
310, -175, -157
308, -168, -151
311, -153, -141
289, -149, -132
292, -162, -130
280, -158, -129
270, -155, -96
274, -156, -98
256, -154, -78
246, -159, -73
246, -169, -53
231, -164, -48
230, -186, -32
222, -176, -14
222, -189, -4
218, -198, 8
207, -215, 2
199, -215, 19
206, -213, 23
192, -223, 19
207, -230, 24
206, -234, 31
201, -229, 28
199, -238, 29
205, -241, 39
202, -246, 34
203, -242, 36
211, -242, 36
205, -243, 34
202, -238, 34
201, -242, 55
193, -239, 60
201, -250, 63
201, -250, 68
199, -249, 74
196, -255, 65
205, -264, 72
203, -258, 73
201, -258, 73
211, -263, 70
198, -258, 78
198, -260, 80
201, -250, 105
202, -246, 116
207, -241, 136
194, -236, 156
205, -236, 156
206, -234, 160
198, -216, 170
215, -225, 183
208, -216, 182
227, -210, 196
224, -216, 209
213, -213, 207
225, -194, 208
232, -197, 216
225, -186, 218
229, -188, 212
232, -166, 218
241, -169, 217
244, -156, 224
253, -155, 250
258, -150, 253
263, -153, 245
254, -154, 264
264, -151, 272
278, -147, 270
277, -159, 281
286, -147, 280
283, -150, 275
280, -155, 298
294, -154, 306
313, -155, 308
317, -169, 319
332, -154, 346
335, -175, 354
353, -164, 358
359, -166, 355
372, -160, 360
386, -169, 363
397, -168, 380
407, -168, 377
413, -167, 373
425, -171, 375
436, -167, 381
437, -178, 372
440, -189, 397
453, -181, 397
456, -180, 398
460, -189, 392
463, -181, 397
472, -193, 393
482, -190, 388
493, -191, 397
489, -188, 401
503, -189, 399
501, -189, 387
518, -191, 397
520, -188, 381
527, -185, 391
526, -184, 387
540, -193, 383
545, -182, 383
553, -203, 396
554, -191, 387
561, -199, 392
567, -191, 395
577, -202, 382
580, -190, 373
596, -190, 388
610, -176, 370
626, -169, 358
649, -164, 341
653, -166, 330
691, -153, 308
692, -149, 291
710, -151, 279
723, -153, 258
734, -140, 233
747, -146, 219
756, -147, 201
759, -132, 183
761, -145, 159
773, -130, 145
772, -137, 131
766, -134, 116
769, -132, 109
761, -127, 94
760, -123, 83
765, -123, 60
758, -125, 50
764, -129, 47
753, -130, 18
764, -116, 9
758, -120, -1
749, -111, -7
756, -119, -14
742, -110, -28
744, -119, -32
741, -111, -37
740, -107, -45
729, -101, -59
715, -97, -70
729, -101, -72
717, -86, -80
704, -89, -78
696, -95, -86
688, -93, -96
688, -93, -101
678, -88, -94
675, -88, -106
659, -84, -122
654, -79, -120
651, -76, -127
642, -77, -126
646, -68, -135
629, -66, -132
634, -55, -127
626, -63, -142
611, -66, -137
598, -63, -152
593, -63, -152
575, -53, -150
574, -62, -161
574, -72, -166
556, -59, -166
551, -77, -186
549, -67, -183
546, -75, -188
535, -79, -195
521, -77, -191
522, -76, -192
525, -73, -202
508, -80, -196
501, -80, -201
503, -88, -201
493, -83, -196
491, -98, -196
479, -92, -207
475, -98, -206
461, -105, -217
463, -116, -218
451, -99, -204
456, -120, -212
449, -118, -219
448, -119, -218
453, -108, -221
459, -118, -217
463, -114, -211
459, -105, -214
469, -110, -199
469, -107, -207
467, -97, -209
464, -94, -199
464, -89, -209
461, -89, -207
458, -85, -186
458, -85, -191
459, -73, -180
464, -66, -180
470, -67, -178
487, -66, -177
478, -54, -186
491, -49, -166
469, -47, -170
473, -54, -173
482, -55, -177
486, -59, -178
494, -58, -180
498, -70, -178
520, -73, -177
526, -70, -186
527, -84, -190
534, -85, -196
535, -86, -199
556, -85, -191
556, -83, -186
559, -77, -183
556, -75, -176
553, -68, -182
558, -66, -175
554, -54, -161
546, -44, -156
545, -40, -155
546, -38, -149
540, -42, -140
545, -35, -150
541, -28, -136
545, -22, -132
548, -14, -118
537, -1, -103
535, 3, -100
531, 5, -94
535, 22, -75
529, 20, -49
518, 25, -57
522, 35, -36
504, 37, -28
504, 37, -18
501, 46, -2
499, 42, 6
491, 46, 22
491, 59, 37
494, 55, 48
479, 58, 63
483, 46, 79
480, 64, 84
468, 51, 101
463, 54, 111
460, 51, 131
459, 45, 140
458, 59, 159
458, 36, 168
446, 29, 182
446, 42, 187
446, 32, 190
432, 25, 196
434, 22, 209
429, 19, 219
425, 10, 238
408, 3, 247
408, -6, 242
403, -11, 259
397, -10, 260
403, -27, 267
378, -32, 277
370, -40, 281
368, -47, 294
355, -71, 304
341, -90, 310
332, -99, 316
354, -116, 337
350, -133, 344
348, -143, 356
354, -160, 357
351, -178, 375
370, -180, 383
367, -199, 385
374, -207, 395
403, -237, 396
410, -243, 399
411, -265, 398
417, -274, 407
434, -286, 408
450, -311, 407
458, -332, 412
464, -341, 403
478, -365, 397
492, -367, 403
510, -392, 398
511, -391, 395
523, -399, 390
527, -413, 376
539, -417, 380
560, -431, 376
559, -446, 360
567, -459, 355
568, -457, 344
565, -470, 346
572, -487, 332
572, -490, 313
563, -499, 314
560, -501, 299
563, -514, 299
560, -514, 304
568, -517, 284
575, -535, 274
565, -527, 269
583, -535, 252
580, -548, 244
587, -560, 221
585, -561, 199
587, -568, 186
597, -573, 178
585, -574, 162
589, -578, 146
574, -583, 124
593, -582, 115
588, -584, 105
587, -581, 64
594, -586, 62
585, -595, 40
594, -586, 37
593, -582, 16
579, -581, 0
594, -570, -24
597, -568, -39
607, -560, -47
597, -549, -59
613, -527, -68
608, -533, -85
622, -526, -114
627, -500, -111
629, -499, -120
626, -504, -130
623, -483, -140
636, -473, -145
639, -468, -145
654, -455, -150
654, -447, -155
660, -440, -161
653, -435, -163
666, -434, -160
673, -402, -166
673, -394, -168
691, -378, -166
696, -373, -166
701, -363, -161
707, -359, -160
702, -341, -150
720, -325, -150
726, -316, -146
740, -315, -140
739, -293, -119
745, -281, -118
756, -277, -109
761, -269, -96
763, -260, -83
773, -260, -85
764, -251, -79
765, -260, -80
774, -246, -74
777, -249, -62
777, -259, -57
774, -251, -62
788, -258, -63
777, -261, -69
760, -276, -73
766, -280, -91
750, -296, -98
750, -325, -122
737, -338, -130
727, -356, -142
723, -381, -151
693, -381, -156
694, -400, -157
675, -417, -151
677, -434, -145
669, -444, -142
651, -473, -130
634, -473, -127
631, -496, -115
632, -516, -114
618, -520, -103
616, -525, -105
599, -526, -91
588, -538, -78
565, -543, -73
556, -549, -67
530, -558, -70
525, -564, -55
493, -565, -49
483, -583, -32
472, -571, -33
450, -568, -7
436, -564, -6
432, -573, 12
413, -569, 26
411, -574, 33
399, -560, 54
399, -570, 64
379, -570, 89
378, -553, 98
370, -551, 113
356, -536, 134
365, -545, 145
354, -531, 159
346, -523, 181
345, -517, 204
339, -492, 226
344, -490, 245
331, -479, 270
329, -453, 280
337, -437, 284
337, -426, 311
325, -421, 314
342, -400, 334
346, -386, 347
350, -369, 354
350, -367, 354
354, -352, 370
364, -344, 377
370, -333, 381
382, -321, 382
383, -309, 396
399, -290, 392
397, -293, 395
421, -268, 406
422, -264, 404
423, -247, 406
437, -238, 407
455, -228, 407
469, -221, 408
482, -206, 413
491, -204, 402
496, -178, 399
513, -181, 397
527, -169, 388
536, -171, 385
545, -167, 381
564, -166, 375
577, -155, 372
582, -145, 375
596, -151, 358
604, -150, 355
613, -146, 356
617, -147, 340
617, -158, 332
641, -138, 309
646, -141, 309
663, -140, 305
661, -125, 304
668, -121, 295
678, -121, 280
677, -118, 277
688, -129, 255
698, -124, 255
697, -128, 239
699, -118, 242
713, -121, 223
723, -116, 216
725, -120, 202
736, -124, 181
742, -123, 155
760, -133, 157
759, -132, 131
764, -147, 111
768, -143, 90
772, -158, 57
770, -159, 48
775, -159, 26
770, -167, 16
768, -180, 3
769, -181, -2
766, -197, -12
785, -208, -16
779, -207, -32
774, -210, -54
763, -221, -65
764, -225, -81
763, -221, -75
755, -216, -95
750, -232, -100
749, -249, -114
739, -256, -136
741, -272, -146
722, -273, -152
708, -285, -159
707, -302, -167
689, -299, -190
677, -325, -199
663, -319, -206
637, -321, -218
627, -347, -216
618, -367, -212
607, -370, -236
603, -385, -227
597, -394, -223
594, -402, -221
580, -416, -214
568, -434, -212
578, -439, -207
556, -448, -193
555, -452, -202
550, -452, -199
542, -460, -199
546, -472, -186
532, -481, -192
530, -465, -195
531, -469, -196
539, -464, -201
544, -466, -203
548, -452, -207
559, -456, -203
565, -439, -212
570, -434, -217
580, -424, -199
599, -396, -223
608, -395, -224
610, -396, -221
617, -378, -226
637, -344, -216
634, -325, -227
637, -321, -221
642, -303, -226
636, -309, -219
645, -287, -238
623, -276, -239
615, -249, -245
612, -251, -243
607, -230, -243
598, -226, -239
585, -216, -257
579, -204, -245
559, -191, -243
556, -191, -245
541, -186, -243
520, -190, -249
507, -188, -257
498, -178, -258
484, -201, -262
472, -195, -249
458, -186, -250
437, -171, -240
437, -163, -248
418, -159, -229
416, -143, -229
411, -133, -222
412, -129, -223
407, -121, -213
407, -108, -203
407, -95, -188
408, -92, -187
403, -66, -180
411, -66, -185
416, -60, -175
429, -55, -170
450, -54, -168
464, -50, -167
470, -59, -159
496, -38, -151
527, -45, -155
555, -58, -152
575, -50, -157
591, -55, -145
598, -71, -160
623, -73, -150
639, -92, -145
653, -106, -149
672, -120, -150
702, -138, -137
710, -154, -127
715, -175, -122
742, -177, -115
742, -190, -100
741, -217, -109
753, -224, -93
749, -225, -84
766, -233, -67
778, -237, -63
778, -250, -58
788, -260, -36
803, -276, -11
797, -287, 4
806, -304, 28
806, -315, 45
803, -309, 55
802, -321, 62
796, -322, 70
803, -335, 75
801, -348, 83
799, -344, 79
792, -347, 84
804, -357, 91
815, -355, 101
789, -352, 114
794, -355, 126
794, -355, 111
784, -365, 121
791, -377, 125
777, -373, 141
780, -377, 142
788, -374, 140
780, -377, 145
778, -377, 157
788, -387, 165
773, -382, 170
774, -391, 176
783, -395, 177
770, -405, 167
775, -398, 170
770, -408, 175
778, -382, 165
779, -412, 149
772, -404, 149
774, -417, 146
770, -421, 152
768, -411, 155
773, -405, 170
778, -411, 162
773, -405, 162
777, -407, 168
765, -424, 177
755, -413, 197
758, -413, 202
751, -404, 208
751, -415, 228
742, -413, 239
723, -409, 253
713, -417, 260
703, -422, 273
696, -433, 283
697, -421, 291
674, -426, 309
664, -429, 329
640, -425, 335
631, -421, 331
626, -421, 341
613, -418, 361
583, -416, 371
572, -409, 365
549, -415, 372
527, -405, 378
503, -412, 375
477, -411, 376
469, -395, 378
449, -405, 368
416, -385, 361
403, -387, 361
396, -382, 358
369, -381, 350
359, -378, 332
336, -378, 335
318, -376, 325
320, -372, 316
299, -359, 319
293, -357, 300
278, -363, 278
272, -348, 277
274, -354, 267
243, -329, 263
244, -333, 247
234, -317, 229
226, -312, 212
212, -298, 201
215, -298, 193
210, -290, 178
203, -286, 165
207, -274, 159
208, -260, 145
205, -259, 134
201, -247, 122
202, -228, 114
194, -225, 96
198, -211, 88
199, -204, 79
207, -194, 54
205, -189, 52
210, -181, 34
199, -176, 37
216, -169, 11
213, -162, 8
224, -151, -11
232, -155, -22
243, -150, -42
248, -145, -34
237, -142, -42
240, -142, -39
245, -137, -44
250, -134, -62
256, -128, -68
264, -128, -83
270, -129, -89
270, -111, -79
284, -102, -88
292, -110, -100
302, -86, -95
308, -95, -99
306, -88, -116
322, -92, -120
337, -92, -127
339, -67, -129
351, -75, -124
364, -59, -126
379, -28, -134
401, -40, -137
418, -40, -130
420, -28, -141
435, -41, -136
441, -50, -152
455, -64, -176
460, -72, -186
472, -84, -190
475, -103, -206
492, -115, -212
511, -132, -213
520, -138, -229
539, -142, -228
561, -163, -226
588, -185, -234
596, -193, -229
621, -208, -222
625, -202, -203
646, -213, -207
659, -219, -190
670, -228, -183
688, -223, -173
691, -246, -176
711, -259, -156
731, -272, -134
740, -284, -108
751, -290, -104
758, -289, -95
766, -300, -69
772, -313, -59
778, -325, -38
785, -335, -31
785, -328, 6
789, -337, 34
798, -348, 50
792, -350, 77
785, -359, 98
796, -351, 108
784, -360, 134
796, -356, 137
783, -359, 160
783, -354, 162
788, -351, 167
783, -341, 170
791, -333, 152
798, -320, 162
796, -312, 152
802, -306, 149
789, -293, 141
799, -280, 124
803, -242, 105
801, -219, 55
789, -215, 49
785, -182, 33
784, -168, 7
763, -156, 8
770, -146, -3
747, -130, -13
749, -140, -14
744, -124, -32
731, -119, -52
723, -103, -59
716, -108, -49
716, -103, -47
710, -84, -40
712, -79, -36
691, -75, -54
697, -68, -50
683, -49, -49
677, -37, -48
655, -41, -37
660, -20, -27
665, -28, -19
663, -12, 0
665, -20, 22
678, -10, 42
665, -7, 54
666, -11, 65
672, -19, 80
659, -11, 83
672, -14, 100
666, -16, 113
663, -7, 121
654, -9, 140
659, -11, 152
651, -16, 170
659, -29, 182
653, -23, 198
651, -32, 207
642, -25, 211
649, -37, 234
642, -38, 233
644, -37, 232
645, -46, 250
646, -50, 262
635, -75, 278
646, -63, 274
630, -77, 285
631, -71, 299
634, -86, 299
632, -88, 303
629, -86, 306
626, -97, 311
632, -108, 315
634, -105, 331
630, -116, 327
631, -123, 334
639, -130, 339
634, -149, 349
630, -147, 340
630, -160, 357
634, -167, 354
629, -182, 361
621, -182, 356
632, -194, 367
634, -211, 368
635, -220, 372
626, -234, 383
623, -242, 383
625, -254, 382
630, -259, 382
617, -282, 385
612, -300, 395
599, -313, 380
594, -344, 387
594, -355, 382
587, -373, 377
574, -391, 385
564, -407, 370
559, -422, 375
561, -435, 352
544, -446, 350
540, -444, 339
549, -469, 335
540, -486, 334
546, -479, 318
542, -488, 316
560, -507, 306
556, -495, 303
553, -507, 306
563, -512, 304
568, -509, 299
574, -523, 288
575, -517, 279
584, -523, 273
582, -526, 263
584, -549, 245
589, -549, 223
599, -549, 213
607, -549, 203
599, -557, 183
621, -571, 167
617, -562, 154
636, -558, 130
645, -573, 111
640, -565, 106
649, -561, 88
665, -557, 64
670, -544, 52
674, -527, 21
674, -527, 13
697, -522, -3
694, -501, -26
711, -505, -47
707, -496, -33
713, -485, -69
704, -475, -78
711, -461, -84
717, -452, -95
717, -442, -105
722, -431, -108
718, -427, -106
726, -417, -114
729, -407, -116
735, -390, -120
723, -394, -121
725, -390, -132
731, -381, -136
729, -373, -131
708, -376, -146
715, -369, -147
721, -376, -156
713, -363, -154
722, -356, -160
722, -354, -157
712, -356, -157
704, -351, -170
712, -361, -162
707, -361, -170
703, -368, -171
708, -373, -161
711, -347, -163
711, -357, -161
710, -364, -162
706, -350, -159
721, -350, -168
718, -321, -166
713, -326, -163
710, -317, -165
720, -315, -175
711, -306, -168
713, -308, -171
717, -291, -160
725, -286, -167
725, -268, -162
726, -269, -156
723, -254, -154
726, -236, -159
727, -232, -145
727, -219, -140
737, -216, -142
727, -201, -135
726, -202, -139
729, -191, -131
725, -177, -118
730, -159, -115
736, -150, -109
729, -140, -99
725, -133, -90
725, -125, -90
727, -115, -78
726, -108, -69
731, -111, -69
718, -127, -79
723, -129, -86
729, -137, -86
735, -143, -98
745, -156, -103
749, -191, -101
745, -203, -120
739, -230, -126
744, -251, -139
739, -280, -144
727, -304, -145
723, -332, -156
713, -337, -161
711, -378, -181
679, -395, -165
675, -412, -173
666, -437, -175
637, -446, -171
634, -468, -162
617, -474, -166
599, -495, -149
582, -510, -156
574, -521, -149
560, -517, -132
553, -530, -118
536, -544, -111
520, -545, -105
504, -553, -105
492, -558, -75
484, -569, -70
477, -571, -58
478, -565, -59
460, -565, -44
444, -574, -38
437, -575, -37
431, -577, -11
421, -564, -13
402, -560, -12
393, -566, 18
386, -561, 13
361, -547, 27
342, -543, 31
346, -536, 49
326, -529, 59
315, -520, 58
297, -501, 70
286, -487, 84
265, -477, 91
267, -470, 103
277, -452, 115
258, -448, 114
251, -426, 127
245, -430, 134
249, -431, 140
248, -420, 154
239, -418, 162
249, -400, 175
244, -390, 195
237, -402, 203
251, -390, 204
240, -386, 206
239, -382, 212
244, -369, 217
253, -386, 228
254, -390, 234
256, -385, 249
267, -395, 254
275, -383, 260
288, -386, 273
294, -390, 272
308, -404, 285
315, -416, 296
342, -418, 311
359, -430, 322
369, -417, 327
388, -439, 341
427, -438, 350
431, -437, 346
458, -430, 352
470, -443, 360
491, -438, 367
512, -437, 366
531, -438, 375
551, -427, 365
569, -422, 370
568, -418, 368
592, -412, 360
608, -416, 371
617, -404, 352
642, -404, 355
660, -383, 357
670, -381, 345
680, -368, 332
698, -365, 325
708, -347, 315
715, -338, 316
731, -324, 305
732, -307, 291
756, -303, 278
750, -286, 269
760, -278, 254
766, -264, 240
780, -263, 234
778, -255, 232
780, -255, 204
792, -238, 201
780, -239, 187
782, -230, 183
793, -229, 170
792, -202, 154
789, -191, 141
791, -182, 118
789, -184, 109
782, -168, 104
777, -150, 86
782, -147, 72
774, -140, 64
763, -125, 53
755, -105, 38
744, -98, 32
741, -80, 24
734, -70, 27
712, -53, 26
703, -41, 17
687, -45, 23
678, -25, 22
677, -9, 21
659, -6, 18
642, 0, 22
637, 0, 9
631, -1, 6
629, 6, 6
623, 9, 8
612, 7, 7
608, 16, -1
597, 31, -2
582, 23, -12
588, 16, -1
589, 20, -4
575, 22, -11
577, 25, -9
577, 28, -14
567, 28, -9
567, 31, -14
568, 42, -16
567, 28, -17
560, 32, -8
561, 31, -9
560, 32, 6
548, 35, -6
544, 33, 9
549, 28, 0
545, 37, 6
536, 33, 7
536, 54, 9
554, 41, 9
545, 35, 13
535, 37, 8
527, 45, -8
529, 41, -4
531, 38, -9
523, 46, -7
515, 45, -3
487, 47, -3
492, 47, -1
483, 49, 7
480, 54, 2
463, 57, 7
460, 54, 9
441, 47, 6
427, 44, 7
422, 49, 9
405, 46, 22
382, 38, 4
368, 29, 6
344, 23, 12
320, 9, 18
312, -6, 6
292, -16, 13
267, -35, 31
261, -53, 28
239, -63, 38
221, -89, 55
205, -116, 49
203, -128, 70
203, -159, 90
183, -190, 90
188, -219, 103
182, -238, 111
191, -271, 110
189, -287, 114
192, -311, 111
193, -322, 125
198, -330, 120
206, -351, 122
203, -361, 137
206, -359, 127
222, -357, 126
212, -373, 126
217, -373, 126
206, -364, 122
212, -365, 126
207, -357, 126
207, -363, 124
210, -350, 131
203, -346, 130
193, -328, 137
194, -316, 131
198, -294, 140
199, -290, 144
187, -285, 139
202, -272, 168
196, -260, 175
208, -260, 175
213, -252, 185
198, -247, 180
213, -239, 199
202, -223, 223
220, -230, 231
231, -213, 249
230, -225, 245
239, -208, 257
243, -212, 265
256, -211, 274
265, -207, 283
263, -212, 293
279, -219, 306
269, -211, 306
273, -217, 322
289, -224, 319
293, -215, 322
297, -219, 334
301, -225, 332
303, -220, 345
305, -226, 341
311, -243, 352
325, -247, 356
322, -252, 366
335, -260, 371
339, -272, 372
342, -289, 368
350, -307, 373
348, -325, 371
355, -328, 376
356, -344, 360
365, -361, 366
367, -360, 372
373, -377, 378
383, -395, 368
379, -396, 352
384, -407, 352
387, -427, 352
398, -462, 326
411, -481, 309
405, -482, 300
412, -505, 285
420, -510, 273
417, -529, 258
417, -544, 231
418, -545, 212
418, -561, 202
411, -558, 192
418, -561, 172
405, -578, 171
411, -566, 162
398, -566, 150
402, -565, 136
398, -569, 125
399, -570, 114
405, -570, 109
391, -574, 93
391, -561, 85
391, -569, 75
387, -565, 69
383, -569, 58
391, -566, 26
378, -561, 26
386, -564, 11
383, -556, -8
382, -555, -22
386, -558, -23
388, -551, -31
388, -548, -48
386, -540, -58
384, -526, -91
387, -508, -101
380, -512, -110
372, -500, -119
380, -491, -125
377, -477, -144
368, -450, -160
359, -430, -178
345, -405, -187
356, -394, -193
356, -396, -193
353, -372, -217
344, -360, -211
350, -346, -212
350, -330, -222
346, -321, -228
345, -291, -227
344, -298, -226
349, -272, -226
339, -269, -221
358, -252, -234
342, -245, -237
363, -224, -224
353, -211, -234
358, -185, -232
354, -189, -223
351, -181, -221
361, -171, -226
358, -162, -222
350, -156, -222
360, -154, -214
364, -142, -221
354, -129, -208
363, -130, -212
355, -130, -217
355, -138, -209
353, -143, -222
360, -146, -224
344, -155, -223
349, -189, -236
346, -199, -238
337, -242, -247
342, -260, -234
339, -295, -243
348, -335, -242
353, -385, -217
356, -402, -208
367, -435, -191
369, -451, -178
367, -479, -161
370, -501, -135
364, -505, -109
375, -538, -78
377, -555, -39
374, -557, -24
383, -564, -1
382, -578, 24
378, -577, 63
388, -569, 83
383, -571, 115
384, -560, 131
383, -543, 160
370, -548, 180
365, -540, 192
360, -527, 204
363, -520, 212
367, -521, 236
361, -513, 236
353, -507, 242
341, -500, 248
349, -492, 255
336, -485, 260
335, -481, 264
332, -468, 267
324, -469, 270
339, -451, 278
335, -439, 291
327, -442, 304
332, -442, 296
322, -424, 309
327, -426, 306
330, -413, 314
331, -402, 332
330, -390, 336
322, -392, 334
320, -379, 334
324, -368, 345
324, -342, 362
324, -321, 355
326, -311, 360
322, -294, 363
320, -263, 368
311, -241, 360
307, -203, 354
306, -184, 342
294, -154, 329
273, -155, 310
263, -155, 295
253, -163, 275
240, -184, 280
246, -175, 262
230, -176, 250
218, -172, 229
215, -171, 221
211, -167, 199
208, -154, 197
208, -154, 190
194, -150, 171
201, -151, 150
199, -140, 134
197, -137, 104
199, -124, 91
211, -120, 65
203, -125, 63
208, -115, 40
210, -108, 44
217, -111, 42
212, -116, 22
216, -115, 11
211, -110, -3
207, -121, -2
216, -112, -3
220, -114, -12
218, -102, -8
222, -101, -22
226, -94, -16
222, -111, -12
230, -101, -14
227, -101, -24
221, -102, -33
237, -103, -37
226, -107, -50
236, -102, -45
241, -86, -55
244, -89, -55
259, -81, -58
250, -93, -62
253, -83, -72
253, -67, -64
254, -68, -63
245, -75, -67
251, -76, -68
259, -73, -68
265, -88, -86
253, -88, -94
270, -75, -104
269, -92, -103
273, -67, -96
288, -67, -84
284, -58, -93
291, -70, -111
292, -73, -113
294, -73, -125
302, -86, -140
303, -103, -168
307, -123, -177
306, -132, -181
305, -151, -195
320, -143, -197
322, -156, -195
324, -166, -201
326, -168, -208
329, -171, -216
329, -178, -211
332, -195, -217
349, -212, -231
356, -212, -236
367, -228, -250
367, -238, -236
378, -245, -244
377, -230, -240
379, -230, -236
380, -237, -242
370, -239, -239
379, -241, -243
375, -239, -237
380, -247, -242
373, -260, -244
372, -282, -238
372, -303, -245
379, -334, -233
382, -347, -248
391, -372, -224
392, -378, -221
399, -389, -221
406, -400, -227
410, -404, -216
434, -424, -219
437, -438, -203
456, -457, -204
469, -460, -195
470, -477, -193
484, -478, -190
513, -487, -171
513, -495, -176
537, -512, -150
531, -503, -146
550, -530, -145
558, -525, -132
551, -526, -126
555, -530, -115
560, -535, -105
554, -555, -89
555, -558, -85
554, -562, -74
558, -564, -70
539, -560, -64
530, -569, -63
534, -562, -57
515, -561, -55
501, -570, -59
487, -577, -50
461, -571, -43
444, -561, -50
435, -555, -47
411, -558, -31
392, -557, -27
369, -552, -12
339, -531, -4
321, -518, -4
305, -501, 3
280, -482, 2
261, -462, 16
250, -453, 24
236, -426, 16
225, -396, 22
205, -389, 34
208, -377, 31
194, -342, 44
187, -329, 49
186, -309, 58
173, -289, 68
172, -274, 84
174, -259, 81
191, -250, 85
180, -239, 95
167, -236, 86
178, -216, 98
178, -201, 103
183, -195, 105
180, -188, 108
191, -177, 113
187, -160, 119
203, -136, 130
216, -125, 152
229, -107, 160
230, -106, 159
237, -98, 178
232, -106, 188
239, -107, 197
253, -88, 198
255, -95, 211
258, -95, 213
250, -95, 226
265, -95, 236
270, -90, 240
275, -77, 245
294, -86, 257
297, -81, 274
306, -67, 270
313, -70, 275
324, -67, 283
324, -62, 280
331, -75, 285
327, -73, 289
325, -73, 279
320, -71, 289
329, -67, 288
334, -72, 283
336, -70, 290
342, -66, 299
353, -53, 304
378, -53, 304
389, -49, 300
405, -25, 295
415, -25, 293
429, -16, 274
467, -9, 281
484, -14, 262
530, -3, 259
570, 1, 239
617, -5, 208
663, -25, 193
677, -35, 157
720, -58, 142
730, -68, 120
759, -85, 101
760, -120, 85
765, -130, 60
782, -137, 37
782, -166, 27
782, -184, 7
797, -197, -7
792, -217, -27
791, -242, -50
789, -259, -62
772, -295, -89
780, -307, -95
761, -326, -116
749, -339, -131
739, -344, -139
711, -381, -159
696, -381, -166
692, -392, -167
685, -391, -166
691, -391, -178
677, -392, -182
663, -389, -193
660, -376, -198
668, -360, -196
660, -360, -196
664, -361, -199
664, -346, -202
674, -346, -207
682, -338, -195
688, -339, -186
698, -342, -183
697, -346, -180
708, -334, -181
716, -344, -163
726, -337, -149
730, -341, -127
759, -344, -109
756, -347, -94
778, -341, -63
797, -316, -42
797, -319, -14
802, -313, 12
811, -304, 33
808, -304, 63
799, -290, 84
804, -285, 109
802, -282, 136
810, -290, 166
796, -286, 187
775, -294, 217
777, -290, 228
778, -304, 237
759, -306, 278
745, -315, 299
723, -329, 315
699, -335, 334
678, -332, 352
644, -335, 376
622, -347, 382
606, -343, 393
565, -348, 398
554, -347, 404
540, -341, 406
501, -347, 412
492, -325, 418
456, -320, 416
441, -304, 411
427, -308, 414
415, -298, 402
377, -295, 380
339, -274, 372
310, -278, 351
279, -281, 331
263, -274, 310
237, -280, 280
216, -278, 237
205, -277, 213
201, -286, 199
205, -277, 188
198, -289, 187
202, -290, 181
202, -303, 183
207, -321, 186
211, -338, 180
208, -338, 172
211, -348, 180
220, -357, 183
224, -377, 199
229, -405, 209
243, -409, 203
255, -422, 208
263, -451, 211
275, -456, 221
286, -472, 218
305, -491, 209
313, -485, 206
324, -503, 226
335, -514, 232
361, -526, 226
359, -531, 208
379, -526, 221
389, -536, 221
412, -549, 213
416, -545, 219
439, -558, 214
461, -569, 222
475, -570, 206
511, -575, 191
537, -587, 192
563, -584, 190
596, -582, 175
615, -586, 151
640, -578, 126
666, -569, 105
685, -549, 89
711, -531, 84
739, -526, 77
746, -498, 47
760, -494, 43
760, -475, 23
775, -455, 8
784, -425, 0
780, -416, -18
785, -398, -18
797, -370, -14
794, -360, -34
797, -337, -24
802, -321, -39
799, -298, -52
799, -272, -47
793, -260, -53
782, -246, -69
778, -226, -70
768, -208, -95
764, -181, -86
763, -169, -95
753, -164, -95
740, -154, -108
740, -141, -95
729, -124, -104
710, -118, -110
702, -110, -118
696, -98, -114
675, -93, -114
658, -77, -134
640, -75, -136
635, -70, -131
632, -67, -141
625, -59, -149
622, -64, -149
623, -63, -155
617, -59, -151
591, -66, -152
584, -57, -159
575, -45, -172
568, -45, -170
554, -44, -166
554, -38, -154
550, -42, -160
548, -40, -160
542, -29, -142
527, -32, -152
516, -25, -146
520, -24, -145
520, -27, -155
521, -38, -144
518, -28, -144
512, -19, -135
520, -16, -137
508, -15, -134
518, -10, -124
518, -12, -121
526, -7, -121
532, -6, -118
544, -7, -114
563, -11, -132
573, -29, -127
601, -42, -132
617, -54, -134
646, -68, -142
654, -89, -147
659, -92, -145
677, -118, -162
698, -145, -151
706, -166, -156
720, -188, -155
725, -208, -140
731, -225, -126
756, -251, -126
763, -278, -105
789, -293, -84
793, -315, -65
788, -328, -36
802, -344, -17
801, -354, -11
796, -377, 33
798, -387, 58
793, -411, 85
784, -422, 109
775, -431, 130
774, -440, 166
741, -446, 223
725, -447, 232
702, -450, 269
677, -444, 289
668, -446, 303
650, -440, 320
621, -434, 349
606, -429, 363
583, -418, 366
563, -416, 378
537, -395, 391
515, -372, 398
458, -347, 412
449, -322, 403
426, -299, 411
423, -284, 411
412, -264, 404
408, -245, 393
388, -229, 391
384, -199, 390
373, -185, 378
377, -160, 362
365, -156, 363
368, -130, 356
374, -106, 342
370, -97, 329
368, -81, 324
372, -64, 308
377, -57, 303
383, -37, 289
394, -36, 275
399, -18, 273
410, -12, 260
416, -16, 244
418, -6, 242
432, 7, 226
421, 14, 217
434, 16, 199
434, 27, 180
444, 29, 175
460, 41, 141
458, 38, 111
474, 42, 105
474, 50, 83
486, 41, 67
487, 42, 55
496, 36, 32
499, 47, 16
506, 36, 12
510, 40, 6
508, 46, 0
532, 40, -8
527, 37, -13
550, 35, -6
560, 32, -8
558, 29, -8
572, 25, -12
564, 25, -12
569, 23, -24
579, 15, -22
570, 14, -36
578, 14, -53
587, 2, -74
582, -7, -81
578, -9, -90
594, -23, -94
601, -29, -120
604, -54, -136
603, -76, -170
587, -85, -188
588, -99, -197
584, -111, -211
577, -127, -221
569, -121, -226
551, -134, -238
530, -136, -234
513, -150, -231
498, -137, -236
484, -136, -234
458, -142, -238
439, -156, -239
422, -160, -243
396, -167, -224
380, -180, -234
364, -191, -211
348, -203, -227
330, -213, -214
321, -217, -201
307, -221, -199
305, -229, -192
287, -234, -170
283, -220, -163
279, -216, -147
265, -202, -139
260, -194, -116
244, -201, -103
230, -210, -81
224, -211, -68
227, -207, -67
218, -195, -53
216, -198, -33
211, -188, -38
213, -193, -13
205, -194, -4
194, -194, 4
202, -191, 24
208, -198, 28
197, -186, 42
202, -176, 49
194, -173, 59
198, -164, 65
201, -167, 85
201, -143, 103
202, -142, 116
215, -142, 131
226, -138, 147
224, -125, 155
227, -134, 176
234, -123, 187
237, -127, 201
245, -111, 211
236, -118, 204
246, -128, 204
249, -130, 207
243, -127, 196
237, -129, 201
222, -132, 178
216, -138, 155
215, -147, 121
203, -159, 73
205, -163, 47
211, -172, 13
217, -176, -17
229, -185, -55
237, -191, -69
250, -194, -96
268, -202, -121
282, -203, -160
308, -197, -168
313, -186, -178
329, -189, -201
358, -177, -204
399, -181, -221
426, -167, -227
453, -155, -236
484, -136, -232
510, -130, -219
537, -110, -207
556, -114, -198
589, -95, -183
604, -98, -183
608, -84, -152
621, -81, -140
639, -68, -132
641, -55, -103
653, -62, -114
659, -45, -85
649, -42, -75
656, -42, -73
651, -53, -58
642, -28, -54
648, -33, -34
659, -42, -28
642, -18, -24
651, -24, -11
637, -18, -14
642, -7, -9
637, -18, -7
645, -15, -2
644, -19, -21
661, -35, -21
672, -37, -33
683, -51, -42
688, -57, -34
683, -67, -42
698, -70, -44
708, -75, -39
725, -84, -28
731, -98, -19
731, -103, -12
739, -114, -19
745, -120, -3
754, -124, 4
759, -142, 12
765, -151, 31
772, -166, 29
787, -181, 32
791, -193, 36
796, -208, 40
797, -225, 52
794, -225, 62
808, -245, 60
801, -278, 65
810, -274, 69
804, -290, 81
818, -307, 65
806, -312, 80
808, -333, 78
794, -334, 89
801, -356, 100
797, -355, 96
780, -367, 122
782, -383, 134
783, -385, 137
769, -383, 159
772, -396, 166
759, -404, 186
750, -426, 209
739, -438, 213
731, -422, 233
712, -434, 244
697, -447, 249
684, -460, 262
669, -475, 252
651, -488, 269
637, -487, 265
616, -507, 274
608, -517, 264
583, -514, 272
546, -521, 268
529, -523, 265
515, -530, 262
503, -536, 250
480, -534, 253
456, -540, 242
444, -538, 239
423, -527, 247
411, -530, 234
386, -525, 252
365, -525, 239
364, -518, 223
346, -498, 228
332, -499, 212
330, -496, 209
327, -507, 209
316, -495, 206
302, -481, 207
307, -475, 190
302, -470, 202
305, -488, 199
308, -479, 191
318, -485, 201
325, -494, 195
327, -507, 195
353, -522, 199
372, -531, 193
387, -539, 198
416, -553, 202
464, -564, 197
492, -558, 212
529, -560, 206
553, -569, 207
579, -557, 196
617, -547, 178
629, -545, 165
655, -549, 151
684, -543, 125
691, -521, 124
712, -501, 113
734, -490, 86
750, -470, 78
747, -465, 83
756, -443, 52
761, -425, 42
773, -426, 33
772, -417, 19
763, -408, -1
775, -377, -11
774, -378, -37
774, -352, -52
766, -342, -57
765, -338, -90
763, -309, -90
749, -308, -114
722, -304, -150
717, -299, -160
708, -280, -168
704, -265, -172
687, -247, -190
668, -230, -201
649, -216, -207
623, -208, -227
612, -186, -218
582, -194, -231
558, -182, -234
512, -185, -242
477, -169, -237
456, -151, -234
427, -134, -221
402, -134, -206
387, -124, -198
341, -129, -173
315, -112, -145
303, -98, -129
296, -83, -104
275, -90, -77
264, -71, -55
259, -63, -33
246, -71, -1
253, -64, 9
240, -64, 39
240, -64, 54
250, -59, 86
246, -60, 108
255, -57, 129
251, -58, 152
267, -63, 172
267, -58, 197
278, -75, 223
278, -77, 238
289, -89, 247
287, -102, 262
293, -103, 280