592, -381, -213
598, -382, -222
597, -386, -216
597, -386, -213
602, -383, -226
598, -385, -222
593, -390, -227
603, -385, -224
597, -381, -226
601, -390, -217
594, -383, -221
602, -391, -223
603, -379, -224
597, -381, -226
602, -381, -228
598, -382, -224
602, -378, -223
593, -385, -219
596, -392, -219
603, -385, -217
593, -385, -222
597, -381, -221
611, -377, -219
606, -382, -219
598, -379, -217
594, -389, -226
602, -391, -223
601, -374, -217
596, -377, -222
596, -382, -222
593, -382, -222
604, -383, -226
604, -389, -221
598, -379, -227
596, -372, -217
604, -383, -218
599, -376, -226
598, -369, -214
602, -381, -226
596, -382, -227
610, -391, -218
616, -372, -227
612, -373, -216
622, -368, -231
620, -370, -228
626, -369, -224
627, -363, -228
641, -354, -217
649, -348, -224
642, -350, -221
646, -351, -224
648, -326, -226
650, -324, -218
656, -325, -227
666, -309, -219
661, -309, -227
660, -308, -213
659, -302, -222
660, -303, -223
651, -289, -222
664, -276, -222
660, -290, -218
660, -285, -216
661, -273, -227
670, -272, -231
669, -258, -232
668, -264, -228
654, -252, -222
658, -249, -228
660, -246, -228
653, -238, -226
653, -241, -221
659, -237, -229
651, -234, -224
646, -226, -227
654, -229, -232
645, -228, -231
648, -220, -228
651, -203, -232
646, -211, -224
640, -204, -218
630, -207, -223
640, -191, -221
632, -199, -228
626, -188, -219
626, -188, -229
627, -194, -223
615, -191, -226
618, -172, -219
602, -168, -228
610, -168, -236
615, -168, -228
602, -160, -228
596, -162, -227
598, -154, -224
596, -162, -227
580, -156, -227
587, -145, -228
582, -147, -226
572, -150, -228
575, -146, -219
573, -146, -229
563, -146, -222
551, -145, -226
551, -142, -226
546, -137, -226
545, -136, -232
546, -150, -221
534, -142, -221
535, -133, -217
534, -142, -231
536, -142, -228
537, -138, -229
526, -140, -221
534, -145, -226
536, -145, -223
546, -142, -236
541, -145, -233
527, -146, -222
542, -146, -224
531, -142, -226
531, -140, -233
534, -140, -231
542, -138, -232
540, -143, -229
530, -149, -227
529, -147, -221
531, -147, -221
536, -150, -223
535, -149, -227
534, -137, -221
539, -142, -221
532, -146, -224
530, -146, -217
527, -156, -222
534, -142, -231
535, -143, -227
530, -136, -222
542, -143, -219
530, -141, -229
539, -134, -218
532, -156, -227
527, -146, -224
540, -149, -224
522, -149, -224
529, -153, -233
536, -147, -226
527, -143, -217
535, -154, -229
532, -146, -217
530, -151, -219
529, -145, -228
529, -147, -216
529, -147, -228
522, -136, -222
522, -149, -224
516, -150, -213
513, -150, -218
511, -158, -223
516, -145, -221
501, -153, -228
504, -143, -224
498, -153, -226
502, -151, -219
503, -153, -223
493, -145, -231
487, -154, -219
493, -158, -223
482, -154, -222
475, -158, -221
479, -149, -222
478, -163, -213
472, -154, -227
482, -167, -227
472, -164, -222
477, -172, -232
472, -172, -227
477, -164, -227
473, -181, -216
459, -169, -224
460, -178, -231
465, -171, -231
468, -181, -218
453, -186, -231
464, -180, -229
456, -190, -217
454, -185, -222
453, -186, -221
444, -193, -227
445, -191, -221
441, -206, -229
435, -199, -228
437, -204, -221
440, -217, -223
435, -217, -221
437, -220, -226
432, -225, -223
432, -220, -221
435, -228, -228
416, -232, -227
420, -238, -223
425, -233, -226
432, -241, -226
437, -241, -231
430, -251, -218
421, -250, -217
427, -269, -226
423, -260, -229
427, -267, -213
430, -277, -221
425, -269, -231
420, -282, -226
432, -277, -218
422, -287, -226
422, -300, -223
439, -286, -212
434, -304, -214
441, -299, -219
432, -300, -216
429, -307, -214
436, -315, -219
434, -320, -222
437, -326, -223
440, -326, -218
445, -332, -218
448, -324, -216
448, -334, -228
441, -341, -219
455, -347, -221
458, -347, -223
460, -350, -221
456, -354, -224
461, -359, -222
470, -373, -221
467, -364, -217
477, -369, -217
482, -377, -222
489, -374, -209
493, -370, -216
492, -374, -222
503, -376, -223
498, -381, -216
501, -386, -228
516, -381, -218
520, -400, -222
532, -379, -227
536, -386, -216
546, -378, -218
532, -390, -224
541, -381, -218
555, -390, -219
550, -390, -214
548, -392, -217
545, -385, -219
551, -394, -216
548, -392, -219
551, -386, -216
542, -390, -222
541, -394, -223
548, -400, -214
550, -385, -219
551, -391, -228
541, -386, -218
542, -395, -224
546, -399, -213
549, -386, -223
542, -387, -219
555, -395, -219
553, -395, -222
553, -395, -217
544, -396, -213
549, -396, -223
548, -390, -222
541, -389, -218
549, -389, -221
550, -385, -214
540, -398, -224
546, -404, -223
551, -396, -223
559, -386, -213
549, -389, -226
550, -392, -222
540, -390, -222
546, -394, -221
558, -400, -224
549, -391, -221
559, -383, -223
548, -387, -219
554, -399, -218
563, -398, -214
565, -395, -212
574, -399, -221
572, -389, -228
578, -382, -222
583, -382, -224
578, -379, -217
583, -379, -227
583, -382, -217
582, -383, -221
591, -392, -227
594, -394, -223
593, -372, -222
599, -373, -221
588, -379, -219
599, -383, -216
604, -383, -221
601, -374, -222
607, -381, -226
612, -378, -221
604, -376, -218
601, -379, -227
598, -382, -222
606, -382, -219
603, -379, -219
606, -382, -217
599, -378, -226
599, -373, -226
602, -386, -218
601, -385, -217
597, -381, -213
599, -378, -213
602, -381, -218
604, -378, -223
599, -383, -223
603, -385, -212
598, -387, -222
611, -387, -219
604, -378, -223
602, -376, -223
601, -392, -217
599, -381, -216
601, -387, -222
597, -391, -208
604, -412, -211
603, -421, -204
615, -427, -196
604, -440, -188
616, -455, -167
608, -468, -162
618, -473, -150
621, -481, -145
626, -486, -135
636, -478, -140
637, -482, -136
645, -487, -131
654, -481, -122
650, -498, -121
665, -490, -119
656, -486, -105
664, -494, -95
687, -499, -90
696, -498, -84
703, -485, -77
707, -473, -70
730, -486, -48
746, -479, -37
740, -468, -28
765, -462, -28
754, -461, -19
773, -460, -23
763, -465, -33
769, -466, -22
772, -456, -24
784, -451, -24
775, -437, -23
788, -437, -11
797, -427, 2
799, -422, 7
794, -420, 7
811, -411, 18
811, -416, 16
801, -411, 36
804, -404, 37
802, -404, 39
807, -407, 49
802, -402, 52
816, -395, 60
822, -391, 74
820, -376, 84
813, -382, 98
825, -368, 114
827, -370, 116
823, -379, 120
830, -378, 119
825, -386, 124
816, -382, 125
812, -383, 139
804, -383, 144
808, -372, 157
804, -381, 166
807, -363, 171
806, -377, 175
799, -378, 166
803, -390, 180
803, -382, 175
797, -378, 193
791, -374, 199
792, -376, 193
780, -392, 214
784, -381, 218
778, -377, 217
764, -386, 231
777, -391, 236
769, -394, 245
765, -387, 254
746, -391, 265
740, -392, 284
726, -396, 290
703, -402, 298
689, -400, 319
668, -396, 330
654, -395, 336
634, -392, 349
630, -391, 347
608, -390, 361
592, -391, 352
567, -381, 365
563, -377, 363
544, -378, 370
536, -381, 370
526, -363, 360
522, -361, 358
504, -369, 368
487, -369, 361
480, -368, 355
468, -357, 365
446, -354, 346
425, -368, 335
422, -360, 337
418, -354, 326
401, -374, 316
389, -373, 313
377, -368, 310
374, -370, 290
353, -372, 281
345, -367, 269
344, -370, 265
337, -377, 252
325, -369, 252
324, -376, 233
313, -381, 216
310, -379, 209
302, -387, 187
305, -387, 185
292, -395, 157
283, -391, 144
286, -396, 136
288, -407, 111
288, -402, 104
284, -400, 93
283, -404, 79
293, -402, 57
282, -403, 48
283, -407, 42
294, -418, 28
303, -420, 4
303, -422, 9
287, -411, -3
301, -425, -7
302, -421, -13
315, -421, -16
306, -420, -22
306, -422, -29
306, -420, -37
315, -421, -43
324, -422, -54
325, -421, -55
325, -426, -63
329, -415, -69
336, -435, -86
339, -425, -79
346, -430, -86
359, -430, -101
359, -435, -104
361, -438, -96
372, -438, -111
367, -443, -114
369, -438, -126
384, -435, -134
387, -438, -144
394, -440, -141
411, -431, -160
412, -433, -154
417, -425, -166
422, -430, -168
437, -433, -178
449, -426, -187
461, -437, -190
469, -434, -190
465, -427, -196
468, -435, -203
499, -426, -197
506, -440, -198
508, -427, -203
527, -431, -199
544, -430, -203
559, -412, -211
569, -415, -206
582, -425, -213
591, -411, -204
588, -426, -199
598, -413, -192
602, -425, -206
613, -408, -207
611, -413, -202
617, -402, -208
618, -403, -204
620, -399, -216
621, -395, -204
608, -398, -214
621, -390, -202
621, -392, -209
618, -390, -207
618, -387, -214
618, -403, -212
617, -386, -213
616, -398, -209
610, -396, -216
608, -400, -214
618, -405, -212
617, -399, -203
599, -391, -198
604, -407, -208
604, -407, -203
606, -405, -207
601, -411, -204
603, -411, -209
592, -427, -201
596, -424, -199
601, -424, -199
596, -411, -209
596, -413, -199
603, -413, -207
603, -416, -202
598, -413, -202
598, -421, -209
594, -427, -213
594, -427, -208
598, -437, -197
593, -421, -197
601, -418, -199
596, -429, -202
591, -437, -202
583, -429, -197
593, -437, -197
583, -447, -192
579, -453, -178
575, -460, -180
585, -465, -162
573, -468, -167
574, -464, -159
578, -470, -157
575, -496, -157
568, -494, -147
572, -510, -129
570, -525, -120
578, -525, -103
567, -531, -91
560, -543, -83
554, -539, -69
565, -543, -58
568, -553, -31
560, -548, -21
568, -566, -16
564, -557, 0
565, -566, 8
563, -566, 11
573, -556, 13
575, -564, 28
570, -564, 31
574, -578, 44
570, -571, 53
572, -575, 69
575, -569, 78
573, -577, 90
575, -569, 93
577, -568, 106
572, -562, 126
578, -566, 145
579, -557, 171
572, -552, 188
563, -543, 202
574, -531, 223
563, -535, 232
567, -523, 255
560, -520, 264
560, -512, 267
567, -503, 275
551, -495, 290
550, -478, 299
555, -468, 306
550, -465, 311
553, -450, 321
558, -447, 324
555, -450, 331
568, -429, 334
575, -418, 346
580, -405, 351
579, -402, 360
588, -387, 366
575, -364, 363
593, -367, 368
589, -347, 372
585, -328, 388
591, -320, 378
592, -319, 382
585, -302, 381
580, -302, 386
589, -290, 382
594, -274, 385
587, -282, 387
582, -267, 392
578, -260, 383
580, -242, 386
572, -246, 397
587, -243, 390
583, -234, 388
579, -233, 385
568, -234, 388
570, -224, 381
563, -213, 388
565, -219, 376
567, -215, 385
556, -210, 392
558, -203, 376
554, -202, 382
551, -191, 382
541, -199, 373
542, -188, 376
560, -185, 381
554, -181, 367
564, -197, 375
560, -177, 376
584, -181, 372
584, -168, 367
585, -149, 368
588, -138, 366
574, -129, 355
574, -114, 347
574, -111, 347
572, -90, 325
569, -85, 322
569, -75, 313
569, -67, 303
575, -55, 296
573, -35, 281
569, -28, 268
579, -15, 250
587, -15, 243
577, -10, 223
570, 1, 202
569, 5, 191
569, 5, 191
583, 22, 170
585, 27, 147
588, 22, 140
603, 27, 127
593, 16, 108
606, 22, 108
603, 32, 108
618, 29, 80
616, 29, 70
613, 29, 45
625, 18, 34
631, 22, 28
637, 20, 19
637, 12, 14
641, 14, 6
650, 7, -7
648, 5, -4
656, 6, -6
658, -2, -4
655, -7, -24
659, 3, -18
655, -2, -37
658, -5, -37
655, -10, -47
670, -12, -54
673, -23, -52
668, -23, -62
673, -33, -54
675, -33, -79
664, -32, -78
666, -35, -85
664, -35, -90
665, -38, -96
672, -45, -103
677, -58, -113
664, -55, -118
656, -63, -115
666, -68, -140
668, -90, -154
668, -93, -161
660, -101, -171
663, -106, -176
672, -120, -185
663, -140, -186
665, -153, -201
659, -159, -207
654, -169, -207
668, -173, -216
655, -197, -208
655, -204, -228
658, -215, -218
651, -221, -229
646, -229, -234
637, -241, -236
655, -243, -240
653, -261, -238
645, -264, -236
648, -274, -238
642, -282, -240
639, -291, -242
636, -304, -237
640, -311, -243
636, -315, -237
631, -322, -237
635, -332, -238
627, -337, -243
627, -350, -228
623, -346, -229
629, -356, -232
626, -374, -229
627, -386, -228
629, -390, -219
637, -394, -218
636, -405, -209
648, -415, -203
640, -404, -198
636, -411, -207
641, -418, -202
645, -425, -198
632, -422, -206
634, -403, -202
632, -409, -201
632, -409, -201
636, -413, -192
630, -415, -206
631, -416, -202
631, -416, -204
623, -405, -209
637, -404, -206
632, -412, -203
636, -400, -207
639, -413, -202
626, -403, -199
630, -404, -211
639, -403, -212
644, -403, -204
644, -390, -214
640, -394, -223
629, -392, -214
635, -389, -221
626, -392, -212
644, -387, -209
641, -379, -209
645, -389, -213
644, -385, -219
637, -383, -213
632, -386, -213
640, -399, -223
626, -390, -209
641, -395, -214
631, -385, -214
642, -381, -213
635, -399, -211
636, -385, -219
622, -391, -211
630, -389, -206
636, -387, -222
626, -392, -229
627, -386, -221
631, -372, -219
631, -379, -232
630, -381, -221
626, -379, -227
637, -376, -221
629, -369, -232
630, -357, -226
629, -364, -217
632, -368, -228
640, -357, -226
648, -347, -228
655, -360, -218
673, -355, -206
678, -347, -203
679, -341, -207
691, -342, -206
694, -330, -204
691, -316, -213
698, -319, -206
698, -293, -206
694, -296, -212
713, -303, -213
713, -300, -206
715, -307, -197
723, -290, -186
732, -291, -195
722, -289, -190
736, -285, -191
740, -284, -172
742, -265, -175
732, -258, -170
753, -255, -162
746, -249, -171
761, -246, -163
747, -237, -160
760, -247, -155
765, -245, -147
769, -251, -139
772, -251, -134
782, -259, -124
785, -242, -120
789, -249, -109
796, -255, -100
803, -255, -95
816, -250, -80
802, -250, -85
802, -254, -84
810, -251, -62
816, -247, -55
822, -249, -52
815, -249, -29
823, -247, -33
827, -238, -17
825, -259, -22
830, -259, -7
823, -252, -3
837, -246, 4
836, -255, 18
828, -242, 23
836, -252, 33
820, -259, 34
834, -263, 36
835, -251, 37
839, -263, 32
831, -258, 48
841, -255, 53
836, -260, 45
831, -268, 43
835, -243, 47
836, -250, 55
837, -246, 52
837, -254, 59
832, -243, 64
828, -255, 68
834, -245, 85
835, -249, 77
839, -250, 78
841, -252, 78
832, -254, 91
832, -254, 104
832, -254, 104
830, -269, 114
840, -254, 119
832, -264, 141
830, -274, 154
828, -289, 165
828, -281, 160
821, -294, 175
811, -312, 182
812, -298, 201
802, -300, 218
793, -304, 239
792, -300, 248
785, -296, 259
773, -294, 269
763, -304, 277
770, -304, 277
759, -306, 280
761, -293, 285
763, -302, 281
761, -306, 285
761, -313, 285
759, -313, 285
751, -319, 293
745, -315, 291
736, -321, 300
720, -317, 314
729, -324, 315
717, -320, 311
712, -328, 321
713, -319, 330
702, -338, 336
703, -332, 332
680, -337, 342
679, -356, 341
668, -332, 355
665, -357, 355
663, -355, 347
655, -350, 345
644, -354, 351
653, -363, 350
644, -354, 344
640, -368, 355
636, -374, 344
644, -379, 349
630, -378, 350
637, -394, 345
622, -391, 342
622, -404, 332
623, -398, 331
634, -405, 341
627, -412, 335
626, -405, 331
621, -413, 339
627, -394, 335
621, -398, 341
621, -387, 351
623, -390, 346
622, -383, 350
612, -389, 342
618, -392, 339
625, -399, 342
623, -395, 346
608, -403, 349
613, -405, 341
601, -413, 331
613, -408, 331
596, -424, 331
589, -430, 327
589, -438, 327
594, -435, 313
594, -461, 310
580, -460, 314
594, -453, 305
567, -472, 303
567, -459, 308
572, -477, 300
563, -481, 289
559, -485, 283
551, -492, 280
546, -500, 270
544, -495, 273
542, -507, 254
542, -514, 242
539, -510, 250
546, -516, 228
544, -526, 223
535, -525, 224
537, -530, 212
542, -530, 197
537, -540, 192
546, -547, 191
532, -545, 165
549, -557, 166
542, -553, 150
539, -564, 145
546, -557, 134
532, -569, 122
546, -568, 114
536, -562, 111
534, -573, 91
549, -557, 86
535, -571, 68
540, -566, 65
539, -568, 52
541, -565, 49
535, -558, 28
549, -560, 24
539, -570, 14
549, -565, 14
537, -556, -6
548, -564, -13
565, -556, -18
560, -561, -23
556, -547, -42
561, -557, -37
559, -552, -49
579, -544, -57
568, -540, -65
570, -540, -75
574, -531, -77
580, -525, -93
579, -523, -104
588, -525, -115
591, -512, -105
592, -510, -124
598, -499, -122
594, -500, -129
602, -498, -136
603, -486, -147
597, -485, -149
611, -486, -157
612, -472, -159
612, -469, -171
604, -466, -163
610, -456, -176
610, -448, -171
616, -452, -177
626, -447, -182
613, -431, -185
632, -435, -193
631, -418, -212
630, -402, -201
629, -395, -209
632, -399, -216
629, -390, -212
642, -373, -221
632, -370, -221
642, -368, -216
646, -356, -214
654, -351, -232
654, -346, -219
653, -344, -208
656, -343, -217
655, -332, -218
672, -335, -229
656, -325, -222
673, -329, -223
666, -315, -227
678, -311, -218
674, -304, -217
683, -308, -223
687, -304, -214
692, -309, -207
694, -294, -214
689, -289, -209
701, -293, -206
704, -289, -212
707, -289, -207
706, -298, -206
715, -291, -204
704, -284, -204
699, -281, -202
713, -287, -201
712, -273, -197
701, -285, -201
712, -278, -199
708, -274, -208
703, -267, -206
704, -273, -207
697, -271, -209
697, -271, -209
701, -274, -206
693, -280, -211
687, -276, -207
698, -280, -221
688, -274, -206
688, -277, -213
692, -273, -217
691, -272, -206
692, -273, -214
687, -278, -214
679, -284, -212
679, -276, -214
689, -284, -214
677, -286, -219
682, -289, -214
678, -285, -213
685, -277, -213
674, -289, -214
678, -280, -218
682, -291, -224
668, -293, -221
673, -303, -218
669, -309, -217
684, -299, -209
680, -311, -216
680, -321, -213
672, -322, -207
685, -329, -216
697, -346, -199
692, -341, -182
717, -351, -187
722, -348, -180
723, -360, -171
731, -360, -168
721, -365, -166
723, -376, -166
731, -386, -151
747, -400, -142
739, -399, -136
753, -411, -132
751, -415, -114
750, -426, -103
758, -418, -98
754, -430, -77
759, -438, -67
766, -440, -64
765, -447, -50
780, -450, -38
780, -465, -28
770, -457, -1
779, -464, 17
788, -450, 33
779, -448, 52
780, -452, 58
779, -453, 67
777, -453, 91
783, -455, 105
778, -460, 127
774, -451, 131
778, -444, 150
777, -443, 163
772, -438, 183
764, -440, 213
761, -427, 226
753, -413, 247
741, -404, 258
736, -391, 265
727, -390, 281
729, -386, 295
721, -381, 303
722, -364, 301
716, -363, 308
716, -347, 313
729, -334, 315
713, -332, 305
731, -326, 315
713, -311, 332
707, -289, 324
703, -287, 345
706, -282, 342
710, -265, 341
698, -256, 337
707, -252, 341
694, -239, 344
696, -230, 340
688, -215, 340
696, -197, 337
693, -199, 342
691, -204, 337
685, -189, 337
689, -190, 339
683, -186, 332
672, -172, 329
672, -167, 331
664, -154, 329
670, -163, 327
672, -162, 331
664, -154, 324
660, -127, 330
651, -136, 336
641, -125, 329
651, -133, 316
645, -119, 322
644, -120, 324
641, -107, 324
632, -93, 320
635, -93, 308
637, -93, 305
632, -80, 305
615, -77, 298
620, -72, 295
610, -57, 293
602, -57, 280
604, -54, 288
606, -55, 281
608, -47, 277
607, -41, 268
592, -44, 260
607, -41, 260
601, -32, 267
602, -25, 258
594, -23, 255
592, -15, 243
597, -10, 236
598, -14, 234
577, 2, 233
580, -3, 229
580, 1, 219
564, -2, 223
568, -1, 219
563, 9, 224
575, 3, 217
564, 0, 216
559, 2, 223
553, 9, 222
553, 6, 217
553, 6, 214
548, 16, 202
548, 6, 207
544, 12, 201
556, 7, 198
545, 9, 199
542, 14, 199
539, 20, 193
539, 23, 188
537, 27, 182
537, 27, 180
548, 19, 165
542, 22, 162
534, 18, 159
529, 31, 159
532, 37, 145
526, 44, 136
526, 33, 121
521, 46, 121
529, 44, 99
534, 38, 79
525, 42, 45
518, 25, 47
516, 46, 54
518, 46, 54
503, 41, 44
501, 38, 44
504, 40, 36
513, 36, 27
513, 33, 4
508, 44, 2
511, 28, -24
515, 29, -36
515, 11, -48
518, 10, -62
523, 20, -72
537, 6, -75
539, -10, -106
544, -15, -126
551, -33, -131
554, -41, -144
565, -50, -165
569, -64, -171
580, -79, -180
575, -102, -199
592, -114, -211
599, -121, -213
589, -134, -218
592, -153, -228
601, -162, -212
611, -162, -237
625, -194, -231
627, -191, -223
640, -210, -236
639, -221, -232
637, -241, -238
645, -246, -231
654, -268, -234
673, -267, -221
689, -281, -212
679, -289, -212
691, -287, -221
712, -299, -207
708, -300, -201
712, -307, -187
722, -312, -187
722, -320, -187
740, -325, -180
734, -334, -171
737, -333, -172
746, -339, -163
755, -351, -152
756, -342, -154
770, -343, -132
769, -352, -129
775, -348, -127
789, -352, -119
796, -354, -122
791, -343, -105
787, -360, -104
792, -355, -101
788, -359, -103
784, -355, -101
782, -360, -96
783, -356, -108
778, -361, -108
788, -354, -103
788, -356, -110
780, -359, -100
785, -364, -113
782, -368, -101
783, -372, -105
788, -359, -113
784, -365, -116
783, -359, -110
784, -370, -116
783, -359, -115
775, -356, -125
782, -365, -116
782, -373, -106
787, -360, -121
784, -360, -109
778, -354, -118
779, -352, -121
778, -361, -122
777, -342, -120
775, -338, -130
769, -344, -144
770, -346, -140
769, -334, -136
772, -326, -144
777, -332, -149
759, -316, -161
751, -308, -166
746, -298, -159
729, -280, -186
721, -256, -183
721, -225, -188
712, -224, -187
704, -198, -199
699, -190, -195
688, -186, -196
683, -171, -191
683, -155, -193
677, -143, -190
677, -136, -190
658, -127, -183
666, -94, -162
654, -79, -155
658, -59, -126
658, -46, -106
650, -31, -91
644, -24, -80
658, -20, -54
651, -9, -31
642, -2, -14
654, 3, 1
631, 16, 43
648, 18, 52
651, 11, 58
645, 10, 77
644, 6, 90
648, 0, 106
645, 10, 116
641, 9, 132
639, -1, 165
635, -5, 191
646, -11, 204
645, -25, 216
649, -22, 227
648, -49, 238
648, -67, 253
648, -67, 265
656, -79, 284
653, -98, 298
649, -102, 304
642, -114, 318
648, -132, 325
649, -154, 341
642, -163, 340
658, -176, 345
648, -191, 350
644, -193, 349
646, -216, 368
641, -221, 366
646, -242, 366
649, -250, 371
641, -268, 371
650, -269, 357
654, -278, 368
653, -293, 367
654, -289, 363
653, -313, 367
650, -308, 362
648, -321, 365
658, -329, 362
661, -330, 356
672, -351, 346
674, -367, 341
691, -378, 340
692, -382, 326
698, -399, 305
704, -418, 299
707, -434, 286
715, -462, 249
718, -474, 216
718, -487, 206
723, -500, 188
713, -508, 181
711, -518, 151
715, -530, 135
710, -538, 108
699, -543, 78
696, -542, 64
701, -531, 37
698, -526, 17
684, -538, 6
692, -538, -8
693, -526, -14
675, -539, -37
680, -531, -54
665, -529, -69
661, -527, -63
658, -518, -86
655, -529, -84
646, -525, -98
632, -521, -91
629, -520, -105
621, -535, -105
611, -522, -105
602, -531, -106
596, -514, -113
570, -514, -122
568, -525, -125
558, -512, -125
544, -513, -139
535, -514, -137
532, -507, -140
523, -503, -139
508, -490, -151
503, -490, -161
499, -481, -157
506, -474, -166
492, -468, -175
496, -456, -176
478, -451, -183
483, -438, -183
484, -429, -197
478, -422, -203
499, -429, -197
486, -420, -213
499, -408, -227
515, -395, -232
531, -378, -238
542, -369, -244
555, -369, -247
558, -354, -242
574, -357, -238
593, -348, -247
598, -356, -244
615, -357, -231
634, -356, -234
646, -372, -222
663, -370, -211
674, -369, -214
687, -359, -209
696, -355, -198
711, -342, -183
715, -343, -182
739, -324, -173
747, -304, -170
747, -296, -162
750, -281, -157
747, -296, -160
751, -290, -163
753, -284, -162
759, -274, -161
759, -251, -139
761, -251, -149
774, -236, -146
774, -223, -124
764, -204, -124
769, -204, -121
772, -202, -119
766, -199, -114
770, -190, -110
772, -173, -114
769, -163, -111
770, -149, -100
772, -145, -101
770, -143, -88
766, -145, -96
766, -142, -84
765, -128, -75
770, -123, -70
759, -116, -52
763, -115, -55
763, -110, -50
766, -101, -42
763, -97, -31
765, -107, -28
766, -85, -24
749, -85, -22
759, -77, -19
764, -85, -22
758, -76, -13
756, -75, -7
765, -76, -13
756, -72, 7
764, -67, 14
754, -70, 12
765, -63, 36
770, -84, 45
782, -88, 47
777, -90, 59
780, -92, 63
787, -111, 67
785, -99, 65
785, -110, 55
784, -98, 62
787, -103, 64
791, -107, 68
792, -121, 72
789, -124, 81
796, -125, 85
803, -128, 83
798, -123, 85
817, -127, 89
803, -138, 93
806, -138, 100
810, -147, 91
806, -146, 103
816, -149, 93
813, -151, 100
806, -167, 108
808, -164, 118
822, -160, 116
815, -160, 111
818, -175, 118
837, -178, 124
821, -175, 130
825, -202, 131
825, -199, 134
834, -198, 130
820, -215, 139
826, -226, 142
825, -230, 139
827, -243, 156
827, -238, 156
832, -251, 163
822, -259, 163
834, -276, 165
820, -264, 168
825, -285, 171
830, -298, 178
820, -298, 188
820, -306, 188
815, -311, 211
806, -302, 209
802, -313, 221
803, -325, 229
803, -338, 234
783, -346, 249
777, -365, 255
773, -367, 274
773, -367, 277
758, -374, 274
765, -379, 279
760, -398, 279
742, -405, 274
730, -405, 291
718, -394, 303
710, -398, 306
699, -392, 329
678, -394, 337
675, -396, 345
653, -389, 350
632, -383, 375
610, -370, 372
588, -377, 388
565, -354, 386
548, -351, 388
527, -343, 388
504, -346, 381
480, -329, 380
454, -330, 376
420, -321, 367
413, -299, 363
391, -299, 349
368, -304, 344
365, -289, 334
346, -282, 322
342, -263, 321
325, -242, 314
324, -246, 300
317, -252, 294
307, -252, 284
310, -221, 279
297, -203, 272
301, -199, 265
294, -185, 237
288, -194, 233
275, -191, 216
278, -191, 208
261, -190, 187
263, -178, 178
256, -180, 155
249, -182, 137
240, -173, 124
243, -173, 111
250, -171, 84
246, -180, 90
246, -190, 68
243, -189, 42
239, -172, 31
248, -178, 24
246, -175, 11
246, -172, -1
248, -166, -12
263, -160, -17
260, -160, -22
261, -164, -38
268, -153, -44
277, -151, -58
273, -134, -72
278, -129, -74
302, -141, -93
294, -123, -103
315, -120, -108
335, -115, -122
336, -88, -126
369, -80, -154
391, -66, -160
406, -58, -170
431, -50, -175
445, -49, -173
459, -53, -180
496, -44, -188
534, -38, -176
561, -51, -188
584, -51, -183
607, -57, -188
641, -58, -177
653, -72, -173
689, -97, -170
693, -108, -176
723, -129, -176
726, -140, -168
747, -162, -172
765, -172, -167
760, -195, -167
768, -224, -157
768, -229, -155
774, -251, -154
777, -269, -168
783, -291, -165
775, -312, -172
772, -329, -154
760, -346, -167
753, -361, -150
753, -377, -157
741, -381, -166
742, -390, -177
730, -411, -162
718, -435, -163
707, -452, -147
684, -468, -162
687, -475, -152
673, -487, -139
651, -494, -150
642, -503, -139
631, -520, -137
631, -507, -127
608, -527, -132
602, -521, -136
591, -522, -122
574, -534, -136
558, -517, -132
556, -518, -131
549, -518, -141
520, -525, -137
513, -513, -129
498, -516, -131
494, -504, -132
477, -514, -135
482, -514, -122
470, -510, -121
454, -507, -110
446, -504, -120
431, -499, -118
430, -500, -121
412, -482, -114
410, -477, -116
403, -483, -120
393, -478, -115
386, -483, -108
378, -478, -95
374, -469, -106
380, -462, -103
377, -456, -106
375, -460, -118
380, -442, -118
364, -440, -126
370, -429, -137
361, -433, -139
368, -421, -140
358, -411, -142
361, -412, -154
358, -400, -155
354, -391, -149
351, -391, -146
351, -378, -144
353, -395, -145
353, -392, -142
348, -392, -132
331, -373, -131
341, -365, -141
340, -374, -127
330, -364, -120
335, -359, -140
326, -350, -134
320, -335, -135
315, -315, -142
311, -319, -131
302, -312, -110
293, -306, -111
284, -299, -110
292, -296, -100
284, -278, -88
275, -267, -77
269, -258, -65
270, -249, -72
270, -251, -57
268, -233, -54
260, -238, -64
269, -219, -73
275, -215, -91
288, -207, -94
278, -191, -96
301, -184, -134
321, -189, -139
312, -182, -145
318, -168, -141
313, -168, -139
305, -164, -110
305, -154, -118
302, -162, -110
289, -151, -93
287, -154, -88
297, -162, -88
293, -163, -91
282, -164, -88
284, -164, -90
282, -164, -88
279, -156, -85
298, -147, -94
294, -151, -100
297, -141, -98
286, -155, -89
289, -143, -80
289, -143, -78
283, -140, -77
279, -138, -70
282, -141, -63
289, -141, -73
280, -147, -62
275, -140, -62
275, -140, -57
273, -137, -42
272, -143, -23
265, -142, -9
268, -140, 12
253, -145, 22
255, -150, 47
253, -147, 64
258, -145, 86
254, -143, 105
265, -142, 114
265, -140, 139
256, -136, 142
275, -145, 161
277, -143, 180
289, -154, 202
293, -150, 208
306, -158, 218
299, -154, 222
315, -151, 252
315, -169, 252
313, -160, 260
327, -136, 272
329, -142, 268
330, -151, 279
349, -137, 280
360, -138, 284
353, -133, 289
353, -120, 284
350, -125, 279
346, -134, 278
346, -129, 285
348, -123, 279
355, -110, 277
356, -106, 270
346, -103, 260
344, -101, 258
335, -94, 249
330, -92, 237
332, -84, 224
331, -72, 203
340, -58, 204
346, -54, 203
349, -59, 193
344, -54, 193
344, -51, 193
354, -44, 181
375, -24, 180
374, -12, 186
397, -12, 176
401, -11, 187
407, -7, 191
426, -6, 202
444, 1, 204
472, 3, 214
492, 6, 222
523, 2, 216
549, 7, 218
602, -5, 211
640, -7, 201
679, -29, 197
711, -44, 188
735, -63, 175
744, -75, 154
783, -102, 142
803, -130, 100
813, -154, 88
831, -167, 65
820, -181, 47
834, -190, 16
818, -201, -11
828, -226, -45
818, -245, -60
811, -234, -83
806, -252, -98
796, -250, -113
782, -246, -141
769, -246, -151
759, -251, -166
756, -256, -166
739, -251, -173
734, -254, -188
726, -249, -191
723, -269, -203
712, -247, -197
698, -259, -216
698, -254, -213
702, -255, -222
693, -249, -228
688, -249, -231
673, -251, -223
661, -239, -237
654, -229, -247
644, -224, -247
626, -226, -244
612, -204, -250
616, -206, -254
598, -198, -234
592, -173, -248
578, -175, -247
572, -168, -243
551, -160, -245
548, -156, -242
545, -143, -237
535, -125, -229
530, -133, -224
511, -127, -228
506, -127, -226
503, -127, -221
499, -118, -219
497, -118, -227
493, -111, -213
487, -118, -217
496, -119, -228
477, -120, -217
475, -116, -223
483, -119, -221
475, -119, -228
474, -125, -214
483, -116, -218
482, -123, -219
487, -123, -222
488, -121, -221
493, -111, -216
496, -114, -203
486, -121, -216
473, -114, -211
474, -110, -212
469, -102, -219
463, -114, -201
463, -101, -213
454, -102, -207
450, -108, -206
432, -111, -203
455, -108, -196
444, -97, -195
444, -99, -207
446, -97, -192
444, -102, -195
435, -103, -191
417, -103, -183
423, -97, -197
426, -94, -180
417, -103, -193
408, -102, -180
415, -85, -171
399, -88, -161
403, -81, -162
407, -70, -168
408, -76, -167
411, -73, -165
405, -70, -151
399, -64, -154
398, -73, -150
399, -59, -141
393, -71, -145
398, -66, -150
406, -73, -152
401, -76, -137
392, -64, -146
392, -80, -149
383, -73, -150
389, -85, -151
392, -88, -151
396, -89, -157
402, -83, -159
398, -86, -160
403, -84, -157
398, -81, -160
405, -75, -163
415, -70, -156
432, -54, -168
446, -55, -152
441, -55, -152
450, -46, -144
453, -41, -149
464, -40, -152
463, -28, -154
469, -37, -135
468, -38, -149
458, -31, -149
461, -37, -135
458, -25, -139
458, -36, -141
459, -35, -142
473, -31, -144
461, -35, -137
455, -25, -146
453, -20, -136
459, -22, -127
460, -12, -126
460, -7, -121
458, -5, -106
459, -6, -108
450, 5, -104
458, 7, -104
458, -2, -94
453, 2, -94
455, -5, -91
439, 1, -80
439, 14, -78
434, 1, -90
432, -5, -96
432, 5, -91
418, -9, -90
427, 0, -79
429, 9, -73
426, 1, -73
425, 2, -69
426, 14, -58
425, 10, -59
418, 16, -53
422, 20, -42
413, 14, -31
418, 19, -31
408, 19, -38
407, 23, -27
405, 20, -17
413, 16, -13
405, 23, -7
403, 9, -8
399, 25, 4
394, 25, 4
386, 14, 3
392, 12, 12
388, 1, 21
383, 16, 13
387, 18, 12
388, 1, 13
377, 2, 12
372, 5, 14
378, 11, 18
375, 9, 26
363, -3, 18
368, 6, 18
374, 2, 24
364, 0, 27
363, -9, 21
367, 5, 24
363, -16, 18
356, -5, 27
351, 0, 32
345, -14, 18
345, -22, 16
346, -18, 7
340, -22, 16
335, -29, 8
341, -20, 2
339, -41, -7
330, -42, -3
327, -40, -18
324, -46, -12
327, -50, -28
324, -51, -27
321, -72, -37
317, -58, -38
311, -72, -39
313, -88, -42
317, -86, -55
308, -95, -52
311, -101, -59
311, -108, -72
301, -114, -86
306, -114, -64
310, -125, -75
296, -129, -74
306, -129, -84
294, -143, -80
293, -150, -84
293, -145, -74
299, -151, -78
292, -169, -83
288, -171, -89
283, -176, -81
282, -169, -83
302, -181, -77
298, -181, -81
287, -193, -98
286, -194, -104
307, -193, -113
297, -203, -103
315, -221, -122
307, -229, -145
322, -247, -152
329, -254, -163
331, -256, -156
345, -276, -175
351, -285, -191
354, -280, -181
356, -290, -186
363, -291, -190
379, -300, -203
380, -307, -204
402, -313, -211
420, -329, -216
425, -324, -213
436, -325, -229
439, -333, -232
453, -329, -236
465, -342, -240
477, -333, -242
487, -335, -242
510, -341, -254
520, -328, -249
527, -335, -252
532, -325, -259
546, -319, -243
564, -308, -260
565, -309, -267
583, -296, -262
587, -287, -258
598, -281, -254
597, -280, -260
607, -269, -248
625, -254, -255
636, -237, -252
635, -241, -250
646, -224, -247
641, -206, -239
653, -204, -243
660, -194, -243
658, -181, -226
665, -171, -218
679, -156, -217
672, -156, -212
677, -136, -207
678, -124, -196
675, -106, -178
680, -93, -176
679, -81, -160
684, -76, -152
682, -58, -140
683, -54, -134
677, -37, -118
672, -16, -93
664, -9, -83
660, -7, -77
666, 9, -63
660, 5, -47
642, 23, -42
646, 24, -6
640, 23, -7
637, 25, 3
635, 28, 12
626, 32, 21
635, 33, 32
607, 46, 39
608, 42, 38
597, 41, 42
583, 53, 45
582, 36, 44
573, 55, 43
569, 59, 57
563, 53, 55
550, 45, 70
535, 55, 68
527, 47, 75
527, 50, 78
530, 45, 85
526, 51, 99
499, 45, 90
493, 38, 86
488, 49, 94
472, 40, 88
472, 37, 80
470, 36, 81
450, 33, 79
458, 41, 72
439, 40, 78
434, 35, 70
407, 28, 69
405, 25, 59
406, 22, 55
407, 12, 57
394, 18, 59
386, 14, 63
389, 5, 59
372, 0, 62
358, -9, 48
369, -2, 54
365, -16, 63
351, -18, 59
348, -19, 68
346, -20, 62
345, -29, 63
335, -35, 68
335, -32, 65
327, -40, 63
317, -45, 75
327, -45, 60
321, -51, 64
320, -45, 63
311, -59, 57
307, -71, 43
306, -70, 42
297, -76, 28
293, -83, 34
298, -77, 32
298, -88, 22
296, -93, 9
291, -95, -2
296, -119, -7
289, -118, -18
294, -123, -26
277, -143, -40
277, -151, -50
278, -147, -47
280, -173, -67
288, -171, -77
289, -185, -73
293, -191, -96
306, -212, -116
305, -221, -127
303, -233, -126
317, -239, -137
312, -239, -147
324, -261, -163
326, -261, -166
350, -281, -177
367, -274, -188
377, -300, -196
388, -299, -217
391, -317, -214
418, -317, -214
430, -324, -236
450, -342, -236
456, -333, -237
472, -343, -237
491, -334, -255
508, -363, -248
507, -361, -254
537, -361, -252
556, -365, -245
564, -381, -255
587, -368, -255
603, -385, -239
617, -386, -233
625, -396, -228
625, -402, -216
640, -417, -208
669, -421, -207
666, -431, -199
679, -431, -197
687, -429, -182
701, -425, -173
710, -429, -175
721, -422, -163
739, -422, -161
741, -409, -159
755, -408, -137
765, -413, -130
768, -421, -122
773, -408, -120
779, -417, -101
794, -407, -99
804, -396, -89
807, -391, -91
818, -379, -90
828, -367, -78
815, -357, -67
837, -326, -72
835, -311, -52
839, -296, -48
844, -281, -48
830, -261, -49
826, -245, -33
834, -221, -28
836, -203, -21
828, -169, 1
834, -164, -1
825, -150, 2
817, -137, 14
799, -114, 24
794, -101, 29
792, -98, 39
777, -85, 47
751, -59, 47
742, -40, 43
725, -16, 45
704, -9, 38
677, 16, 36
674, 9, 38
653, 20, 44
630, 33, 47
612, 38, 27
601, 47, 28
585, 53, 26
567, 46, 27
551, 46, 14
526, 46, 4
513, 36, 0
493, 38, 0
480, 38, -22
473, 36, -17
445, 28, -34
437, 15, -47
436, 14, -53
420, -2, -59
417, -7, -67
397, -12, -74
396, -19, -88
386, -42, -100
370, -45, -95
370, -45, -100
369, -57, -104
354, -62, -109
355, -81, -120
365, -99, -105
349, -103, -119
349, -116, -116
342, -105, -122
342, -120, -122
329, -142, -126
330, -136, -120
326, -155, -121
321, -155, -124
320, -159, -122
306, -171, -119
312, -172, -118
298, -173, -104
306, -178, -106
303, -181, -109
293, -171, -96
297, -180, -103
291, -189, -89
298, -181, -101
297, -208, -83
293, -207, -86
288, -207, -79
286, -207, -81
292, -195, -78
282, -193, -78
293, -191, -74
278, -181, -69
284, -167, -70
293, -173, -67
287, -164, -63
294, -159, -68
284, -162, -60
284, -149, -58
278, -155, -47
287, -146, -50
283, -147, -49
287, -138, -36
284, -138, -26
280, -132, -12
278, -127, -19
284, -118, -21
280, -124, -17
274, -110, -1
279, -110, -1
286, -111, 19
277, -115, 21
272, -105, 26
278, -119, 37
278, -114, 37
284, -105, 50
275, -108, 42
279, -107, 58
275, -106, 57
283, -106, 67
273, -106, 62
279, -94, 60
284, -99, 75
270, -98, 69
273, -103, 74
284, -102, 85
283, -95, 99
284, -89, 95
287, -94, 103
282, -89, 105
288, -93, 104
288, -83, 126
296, -83, 121
292, -94, 135
302, -84, 140
303, -83, 139
301, -80, 141
311, -83, 149
307, -84, 140
302, -81, 150
302, -76, 140
303, -80, 141
308, -83, 149
306, -77, 159
320, -71, 152
330, -60, 152
340, -55, 150
332, -45, 160
351, -33, 176
356, -36, 183
384, -23, 188
394, -25, 216
426, -22, 217
436, -9, 222
450, -5, 223
465, -2, 226
484, -9, 227
502, -1, 232
516, 12, 228
539, 0, 216
558, 19, 214
575, 3, 204
591, 11, 199
606, -1, 195
626, 6, 182
634, -3, 177
651, 1, 170
650, -2, 161
675, -10, 144
684, -14, 140
689, -22, 145
704, -14, 130
711, -18, 141
713, -28, 126
732, -35, 125
736, -38, 121
730, -42, 127
744, -54, 129
741, -54, 134
749, -62, 134
742, -63, 152
750, -71, 157
761, -85, 159
761, -88, 171
769, -101, 178
768, -102, 185
766, -106, 176
775, -115, 204
763, -123, 209
766, -140, 218
766, -153, 236
760, -159, 252
763, -164, 257
758, -180, 269
749, -184, 278
741, -194, 308
725, -208, 321
730, -206, 326
707, -224, 336
692, -229, 356
674, -226, 354
666, -247, 361
635, -243, 372
615, -254, 382
602, -254, 380
579, -251, 397
573, -258, 393
559, -246, 392
532, -260, 396
522, -250, 396
504, -250, 398
493, -241, 390
488, -238, 385
475, -246, 385
465, -228, 382
451, -216, 376
456, -216, 376
442, -217, 370
422, -212, 357
417, -217, 352
406, -198, 356
398, -195, 339
387, -189, 330
378, -180, 319
369, -163, 320
363, -169, 309
356, -160, 303
351, -147, 275
345, -128, 269
348, -115, 257
344, -114, 263
336, -103, 250
346, -83, 231
349, -72, 231
356, -64, 221
363, -40, 207
386, -24, 190
401, -11, 185
429, -1, 177
442, 2, 168
454, 22, 165
474, 14, 150
487, 24, 147
506, 38, 146
522, 27, 140
529, 31, 151
545, 29, 137
563, 29, 142
589, 28, 126
583, 29, 125
594, 23, 114
613, 24, 108
629, 24, 108
634, 22, 105
646, 22, 100
646, 27, 90
660, 7, 99
673, 10, 101
675, 7, 96
673, 2, 106
687, -3, 110
688, -10, 104
697, -11, 110
699, -22, 122
702, -22, 140
718, -31, 156
731, -36, 171
735, -45, 177
727, -47, 190
723, -54, 196
735, -76, 214
737, -94, 237
734, -108, 253
726, -114, 260
729, -140, 268
717, -138, 284
721, -150, 293
704, -167, 314
698, -189, 335
682, -201, 346
678, -217, 367
656, -216, 368
639, -232, 373
622, -236, 377
599, -246, 382
567, -251, 390
558, -255, 393
537, -258, 396
513, -251, 395
512, -247, 393
480, -254, 390
460, -249, 377
448, -238, 370
434, -239, 376
421, -239, 361
401, -239, 349
379, -225, 350
365, -219, 334
350, -219, 309
337, -203, 291
332, -206, 281
315, -198, 267
312, -193, 257
311, -160, 248
307, -146, 229
299, -130, 212
308, -106, 208
322, -97, 204
318, -80, 188
324, -75, 196
342, -50, 177
345, -37, 162
361, -28, 139
359, -12, 149
368, -6, 122
389, 2, 116
402, 7, 104
413, 16, 83
437, 38, 59
451, 35, 43
456, 32, 40
468, 36, 27
469, 37, 16
515, 42, 1
518, 28, -7
535, 40, -11
542, 45, -21
559, 38, -29
573, 29, -31
587, 28, -27
604, 23, -34
626, 22, -28
629, 27, -31
646, 11, -11
674, -1, -23
702, -19, -26
710, -19, -6
715, -32, -18
734, -44, -17
747, -60, -16
747, -73, -13
770, -68, -1
769, -80, -4
772, -83, 0
773, -97, -3
783, -97, 8
784, -98, 7
782, -106, 14
791, -115, 16
801, -125, 16
798, -133, 18
806, -120, 31
799, -134, 22
794, -137, 12
807, -134, 0
793, -141, -13
789, -137, -24
787, -129, -37
789, -124, -32
775, -123, -55
768, -120, -70
765, -105, -83
739, -95, -89
723, -83, -96
720, -76, -115
708, -70, -121
696, -77, -126
688, -72, -139
665, -70, -149
646, -76, -160
636, -86, -180
634, -89, -187
611, -97, -199
613, -99, -202
598, -97, -222
591, -123, -224
603, -128, -224
592, -140, -233
584, -158, -243
585, -156, -247
587, -173, -255
594, -184, -248
604, -189, -245
611, -206, -249
599, -212, -253
622, -210, -248
621, -229, -252
635, -238, -248
641, -232, -247
668, -233, -243
679, -234, -222
689, -234, -217
702, -224, -212
712, -229, -199
722, -224, -192
739, -199, -173
747, -193, -162
766, -180, -142
761, -166, -139
769, -163, -124
777, -147, -101
774, -127, -94
766, -127, -77
770, -102, -63
766, -106, -57
770, -92, -48
768, -89, -23
758, -76, -16
756, -77, -2
756, -54, 12
741, -51, 22
740, -53, 36
737, -40, 53
742, -50, 63
735, -47, 78
737, -37, 98
732, -40, 105
734, -41, 111
729, -36, 121
717, -35, 130
718, -46, 149
718, -49, 166
715, -47, 180
723, -51, 183
715, -60, 180
717, -60, 192
725, -79, 195
727, -71, 195
725, -71, 190
741, -72, 178
734, -72, 173
741, -77, 176
745, -73, 162
745, -66, 152
751, -70, 139
735, -60, 132
742, -53, 125
737, -45, 90
730, -42, 68
727, -32, 53
718, -25, 34
718, -31, 7
704, -27, -6
694, -16, -28
703, -18, -37
685, -36, -49
666, -19, -73
673, -25, -86
659, -32, -98
655, -41, -116
635, -38, -134
637, -41, -136
625, -51, -163
620, -67, -176
610, -64, -183
598, -79, -185
592, -88, -203
585, -102, -209
584, -108, -216
591, -120, -219
588, -130, -229
585, -143, -239
594, -140, -228
598, -164, -244
612, -171, -240
610, -166, -245
625, -178, -238
630, -184, -238
651, -167, -224
651, -177, -224
669, -188, -209
694, -180, -212
697, -175, -204
710, -169, -195
703, -158, -178
723, -158, -171
722, -138, -150
736, -127, -126
746, -114, -106
745, -94, -90
746, -90, -74
749, -70, -54
734, -70, -34
753, -47, -6
739, -41, 12
741, -46, 14
746, -44, 22
747, -45, 36
750, -47, 45
745, -50, 53
751, -67, 57
759, -62, 47
761, -80, 59
764, -77, 67
770, -76, 73
773, -94, 80
772, -83, 89
774, -83, 101
785, -99, 115
779, -90, 121
785, -107, 135
783, -105, 127
783, -107, 122
785, -120, 108
798, -125, 93
802, -137, 84
807, -140, 79
799, -132, 72
799, -145, 57
807, -134, 57
801, -138, 33
808, -141, 23
804, -140, 12
803, -136, -8
797, -129, -24
788, -120, -36
778, -120, -60
760, -107, -68
749, -111, -91
736, -108, -106
716, -101, -136
704, -102, -147
691, -90, -151
683, -93, -166
660, -85, -173
653, -93, -178
634, -107, -185
630, -106, -201
626, -107, -204
621, -112, -214
612, -114, -218
606, -125, -222
596, -138, -234
594, -153, -223
587, -147, -243
591, -159, -232
591, -167, -234
598, -164, -242
589, -181, -240
597, -186, -248
593, -208, -252
597, -220, -240
608, -216, -254
613, -232, -244
617, -220, -240
635, -236, -245
653, -228, -231
661, -234, -237
673, -233, -231
682, -226, -212
694, -226, -217
707, -219, -204
725, -208, -185
726, -184, -163
750, -177, -142
756, -163, -121
768, -154, -113
760, -146, -100
770, -141, -88
775, -118, -73
770, -118, -53
774, -106, -42
765, -99, -23
766, -95, -17
775, -94, -8
768, -81, 6
772, -83, 39
774, -83, 44
777, -72, 49
764, -80, 72
769, -80, 81
770, -86, 83
775, -89, 110
773, -89, 100
768, -102, 113
775, -102, 98
784, -116, 124
796, -120, 110
794, -127, 94
803, -130, 85
813, -143, 78
808, -141, 63
806, -138, 55
798, -138, 33
785, -128, 3
788, -141, -21
784, -132, -37
778, -141, -53
772, -153, -79
768, -141, -90
763, -151, -110
750, -162, -140
741, -168, -151
729, -171, -154
736, -176, -163
727, -182, -162
736, -199, -168
735, -206, -172
751, -207, -163
741, -220, -171
744, -215, -171
744, -210, -171
745, -208, -157
749, -207, -168
753, -201, -155
747, -203, -155
746, -191, -149
753, -182, -142
755, -172, -122
751, -145, -106
758, -120, -93
740, -107, -80
747, -89, -70
744, -77, -62
742, -73, -36
740, -58, -13
737, -55, -1
731, -38, 19
721, -36, 34
717, -32, 55
717, -32, 55
711, -28, 72
707, -14, 118
692, -19, 140
687, -19, 160
678, -18, 181
666, -22, 202
663, -28, 218
639, -40, 237
631, -37, 269
629, -60, 289
611, -66, 309
599, -75, 320
583, -99, 329
582, -111, 342
570, -130, 356
558, -146, 363
558, -156, 373
565, -180, 373
564, -184, 385
567, -199, 387
563, -224, 388
558, -247, 388
572, -259, 385
580, -271, 381
591, -291, 391
596, -302, 386
601, -309, 381
610, -324, 372
640, -347, 370
634, -343, 363
649, -354, 358
637, -368, 357
651, -377, 356
649, -387, 351
655, -402, 340
672, -411, 321
670, -422, 315
685, -435, 300
687, -442, 296
696, -453, 285
702, -455, 274
703, -474, 268
701, -469, 258
701, -466, 253
713, -472, 250
712, -481, 244
718, -479, 226
711, -482, 226
717, -496, 217
715, -501, 209
720, -496, 207
716, -495, 203
725, -504, 195
717, -496, 177
735, -501, 167
747, -501, 160
737, -514, 160
725, -517, 140
730, -520, 130
734, -523, 118
723, -529, 99
722, -530, 88
715, -530, 85
702, -540, 73
704, -553, 83
685, -560, 74
685, -557, 69
691, -552, 67
678, -555, 67
675, -555, 69
672, -558, 55
674, -561, 60
670, -552, 62
668, -560, 62
664, -566, 50
663, -565, 52
659, -556, 50
661, -558, 50
642, -573, 47
641, -564, 50
631, -571, 53
618, -574, 58
610, -573, 59
597, -583, 67
587, -578, 67
582, -583, 84
570, -582, 85
567, -575, 94
575, -582, 88
582, -591, 89
602, -581, 81
616, -571, 78
627, -583, 67
663, -568, 57
666, -561, 55
678, -562, 44
691, -544, 54
704, -548, 45
731, -534, 54
736, -523, 69
739, -505, 74
756, -498, 81
773, -483, 90
770, -481, 95
774, -466, 104
777, -456, 109
780, -462, 130
782, -456, 136
793, -447, 152
791, -442, 155
775, -431, 172
787, -435, 188
778, -424, 197
778, -413, 209
779, -404, 206
783, -403, 234
780, -385, 232
778, -377, 229
779, -373, 238
789, -360, 231
799, -350, 228
807, -347, 213
816, -348, 204
816, -351, 177
828, -351, 160
822, -357, 149
828, -367, 132
827, -381, 119
816, -382, 125
825, -404, 116
820, -417, 84
810, -427, 81
797, -443, 79
801, -468, 65
793, -455, 48
779, -466, 34
785, -470, 18
778, -481, 8
775, -481, 1
770, -481, -11
760, -478, -28
761, -485, -42
755, -478, -45
745, -481, -53
750, -468, -90
741, -466, -91
730, -460, -95
734, -469, -111
731, -461, -106
729, -443, -116
721, -459, -121
736, -456, -116
731, -446, -116
737, -437, -105
742, -439, -110
741, -433, -114
747, -444, -105
740, -442, -110
751, -443, -101
747, -437, -108
750, -452, -100
753, -444, -90
754, -453, -81
759, -440, -77
756, -451, -77
760, -465, -73
766, -461, -62
765, -455, -53
756, -474, -52
754, -479, -29
756, -477, -24
764, -490, 9
766, -482, 7
758, -494, 26
753, -496, 53
740, -507, 58
746, -513, 77
751, -521, 81
737, -507, 80
741, -513, 81
735, -512, 95
726, -513, 109
727, -522, 122
713, -521, 126
716, -513, 134
713, -521, 151
704, -525, 157
699, -517, 170
682, -525, 195
694, -517, 212
672, -514, 217
660, -518, 236
650, -505, 250
645, -503, 260
636, -496, 274
632, -479, 285
629, -470, 289
620, -466, 305
622, -446, 318
634, -442, 319
625, -420, 327
641, -421, 334
650, -417, 332
654, -405, 324
659, -403, 324
691, -391, 322
711, -386, 303
730, -398, 294
740, -398, 274
751, -399, 255
768, -408, 232
793, -405, 199
797, -420, 181
803, -413, 160
806, -418, 132
825, -425, 114
817, -433, 94
816, -416, 78
815, -422, 39
813, -437, 28
811, -431, 21
806, -437, 3
810, -430, -7
803, -442, -13
793, -434, -23
806, -434, -38
794, -433, -34
792, -433, -47
792, -438, -52
794, -433, -54
794, -433, -59
793, -424, -68
792, -422, -62
787, -415, -74
785, -408, -78
798, -405, -68
792, -402, -67
799, -409, -59
792, -402, -54
807, -394, -54
799, -404, -47
802, -404, -39
799, -407, -24
810, -422, -12
812, -422, 2
807, -433, 17
796, -434, 33
791, -447, 45
796, -447, 65
794, -472, 84
769, -485, 114
760, -483, 135
759, -490, 139
750, -499, 147
732, -494, 165
729, -487, 176
713, -495, 183
707, -501, 202
697, -507, 207
693, -498, 216
693, -500, 226
679, -496, 239
683, -487, 245
673, -492, 263
675, -472, 268
666, -470, 279
665, -456, 288
668, -448, 300
672, -439, 299
673, -422, 305
684, -413, 314
680, -409, 322
693, -402, 315
708, -404, 310
694, -387, 311
704, -390, 319
726, -381, 310
729, -370, 298
741, -363, 300
761, -357, 285
763, -359, 267
778, -359, 259
787, -370, 250
796, -364, 229
816, -361, 219
808, -372, 185
816, -372, 162
821, -382, 145
822, -381, 129
839, -385, 108
831, -379, 90
827, -399, 72
831, -408, 58
822, -409, 49
823, -424, 28
832, -422, 27
810, -417, 19
811, -429, -6
803, -431, -16
802, -425, -24
789, -435, -42
782, -433, -59
792, -425, -84
777, -412, -89
770, -411, -108
774, -391, -116
774, -373, -126
770, -369, -130
764, -350, -139
769, -352, -156
773, -341, -140
778, -328, -145
766, -308, -141
779, -303, -141
777, -287, -131
793, -273, -125
779, -264, -116
793, -276, -115
803, -278, -105
796, -276, -95
797, -259, -99
803, -250, -88
802, -259, -91
811, -263, -78
811, -265, -70
810, -261, -72
811, -242, -68
812, -254, -69
815, -259, -79
798, -255, -85
802, -251, -96
785, -255, -110
787, -249, -126
773, -260, -145
755, -271, -155
759, -272, -161
749, -290, -171
726, -287, -186
712, -302, -190
704, -307, -202
697, -328, -204
692, -343, -199
683, -360, -201
677, -364, -207
669, -387, -212
659, -379, -202
668, -399, -208
653, -402, -196
655, -425, -191
650, -427, -188
658, -456, -173
659, -470, -152
665, -490, -126
675, -490, -109
677, -504, -98
689, -512, -83
699, -512, -43
703, -529, -24
713, -523, 2
715, -525, 13
734, -523, 32
723, -529, 39
742, -517, 50
751, -510, 52
766, -498, 64
778, -488, 68
784, -477, 94
791, -465, 98
806, -450, 113
806, -429, 137
808, -424, 152
807, -422, 161
817, -402, 156
812, -399, 171
804, -404, 178
810, -402, 191
797, -409, 191
783, -398, 217
778, -413, 222
784, -427, 233
768, -424, 232
760, -435, 233
758, -444, 234
750, -462, 229
753, -475, 229
721, -485, 221
715, -494, 219
704, -507, 204
707, -509, 202
706, -510, 178
707, -522, 172
701, -539, 141
696, -544, 124
703, -544, 104
706, -555, 86
708, -549, 62
710, -545, 31
712, -548, 11
707, -543, -13
704, -538, -23
699, -520, -43
701, -531, -47
696, -516, -72
694, -517, -83
692, -517, -95
679, -512, -100
665, -500, -111
668, -500, -111
659, -512, -122
648, -510, -114
655, -513, -114
650, -516, -106
646, -517, -103
635, -513, -96
635, -531, -86
637, -529, -89
640, -521, -84
644, -530, -80
629, -540, -75
653, -534, -67
646, -533, -70
656, -540, -60
655, -539, -42
670, -552, -34
668, -547, -9
672, -548, -11
682, -553, 1
689, -540, 13
692, -533, 23
706, -544, 32
715, -545, 48
713, -534, 52
729, -536, 59
727, -533, 78
740, -522, 83
744, -521, 89
763, -499, 113
760, -491, 105
765, -486, 122
765, -475, 118
768, -486, 140
774, -472, 146
773, -478, 157
765, -478, 160
770, -478, 172
755, -470, 172
749, -482, 178
747, -478, 192
755, -491, 190
736, -492, 186
727, -491, 199
717, -494, 197
715, -499, 212
707, -509, 202
702, -509, 195
696, -518, 198
692, -527, 187
692, -535, 195
683, -547, 171
679, -543, 157
670, -552, 151
672, -558, 140
661, -553, 132
658, -565, 106
653, -565, 84
656, -564, 65
658, -573, 39
651, -569, 31
658, -560, 12
656, -564, -18
664, -548, -31
660, -544, -52
661, -543, -58
660, -539, -67
654, -538, -80
660, -529, -81
646, -525, -105
641, -525, -110
629, -514, -120
629, -507, -122
622, -505, -136
612, -513, -134
607, -510, -139
597, -510, -139
588, -517, -137
589, -518, -126
579, -521, -129
583, -517, -120
578, -525, -113
572, -536, -111
574, -544, -101
579, -547, -91
579, -552, -81
582, -552, -69
573, -545, -58
579, -565, -49
587, -568, -34
587, -570, -32
597, -568, -17
606, -582, 1
621, -571, 1
632, -562, 14
642, -568, 27
655, -562, 40
664, -564, 55
664, -561, 53
669, -558, 60
683, -555, 67
688, -542, 81
698, -557, 86
710, -527, 98
708, -539, 106
717, -527, 120
726, -516, 134
732, -507, 147
729, -508, 149
735, -496, 170
735, -488, 185
746, -490, 191
736, -485, 186
737, -481, 197
727, -475, 197
732, -486, 207
722, -486, 212
716, -492, 208
711, -498, 201
715, -488, 227
703, -503, 213
694, -504, 224
694, -509, 222
689, -517, 217
680, -529, 206
664, -520, 204
661, -540, 209
664, -548, 192
644, -556, 177
639, -561, 167
640, -565, 146
640, -570, 139
641, -582, 122
635, -573, 99
632, -578, 81
639, -574, 50
630, -578, 34
626, -582, 33
623, -569, 16
626, -574, -18
626, -566, -36
626, -553, -50
621, -548, -63
630, -544, -81
621, -538, -88
625, -531, -106
622, -521, -121
616, -509, -130
613, -499, -150
599, -492, -159
593, -491, -160
603, -488, -152
584, -490, -168
587, -474, -173
577, -487, -173
583, -475, -175
568, -478, -170
565, -475, -170
569, -477, -173
575, -470, -177
580, -473, -172
574, -464, -171
575, -478, -167
569, -474, -163
568, -475, -170
580, -478, -160
587, -485, -156
591, -496, -137
602, -505, -129
615, -516, -106
636, -533, -88
653, -526, -72
658, -529, -54
668, -539, -44
683, -539, -22
688, -534, 2
698, -549, 24
713, -534, 32
718, -526, 29
730, -527, 50
731, -526, 44
731, -523, 52
739, -518, 57
741, -518, 74
736, -518, 77
736, -518, 89
742, -525, 100
732, -517, 113
734, -518, 111
727, -527, 105
734, -529, 109
730, -530, 110
727, -522, 103
730, -530, 93
720, -540, 83
708, -549, 72
706, -547, 69
722, -535, 60
729, -549, 39
734, -521, 24
732, -517, 3
732, -512, 1
740, -512, -18
750, -499, -21
744, -490, -24
751, -482, -37
759, -482, -42
770, -442, -60
774, -435, -72
784, -420, -79
789, -391, -81
789, -383, -89
798, -361, -85
808, -341, -90
798, -325, -85
822, -313, -74
812, -303, -77
799, -293, -86
812, -272, -79
813, -263, -75
811, -255, -78
812, -251, -74
808, -255, -75
816, -247, -65
815, -236, -59
816, -247, -65
821, -245, -65
821, -242, -55
817, -233, -57
827, -236, -64
815, -238, -62
817, -241, -62
815, -230, -64
815, -223, -69
815, -225, -69
813, -221, -63
812, -215, -67
803, -208, -83
806, -213, -88
808, -219, -80
806, -221, -88
810, -225, -84
804, -246, -91
798, -239, -105
803, -237, -95
801, -242, -100
794, -241, -109
796, -239, -103
789, -246, -104
801, -242, -113
784, -243, -116
789, -228, -126
796, -234, -113
799, -241, -104
791, -245, -110
785, -237, -118
793, -226, -110
794, -212, -101
791, -198, -95
792, -178, -86
788, -169, -85
777, -168, -89
784, -158, -79
775, -154, -85
784, -158, -94
780, -149, -98
782, -145, -94
769, -140, -91
758, -130, -95
770, -130, -85
749, -111, -91
739, -93, -101
734, -88, -96
727, -89, -110
725, -86, -110
711, -77, -116
696, -57, -104
687, -58, -110
684, -53, -118
687, -63, -137
685, -64, -134
684, -76, -132
670, -64, -141
651, -60, -145
639, -53, -152
622, -36, -144
617, -41, -159
585, -35, -157
569, -28, -156
561, -15, -154
532, -24, -135
513, -20, -139
494, -9, -122
487, -1, -95
480, 2, -106
463, 10, -64
473, 23, -49
463, 28, -32
461, 29, -3
451, 40, 16
448, 44, 34
455, 41, 59
473, 46, 78
467, 45, 95
472, 40, 118
474, 32, 140
496, 33, 163
521, 38, 156
539, 33, 168
565, 19, 187
591, 11, 187
611, 6, 182
632, 0, 173
670, -12, 171
675, -23, 163
673, -20, 161
689, -22, 162
708, -20, 136
702, -35, 113
726, -38, 94
725, -32, 73
729, -31, 57
745, -50, 21
739, -59, -12
737, -68, -36
732, -71, -53
731, -77, -74
729, -77, -91
726, -88, -104
718, -108, -116
718, -103, -144
703, -119, -146
699, -120, -155
699, -120, -180
698, -134, -168
696, -127, -186
685, -114, -183
685, -119, -176
683, -114, -173
689, -118, -175
689, -112, -182
678, -106, -166
672, -81, -167
660, -83, -163
642, -70, -151
645, -57, -149
626, -45, -157
612, -41, -149
602, -31, -134
588, -27, -145
579, -12, -141
560, -3, -125
544, 2, -119
542, 1, -103
522, 11, -93
531, 23, -79
520, 29, -45
503, 36, -47
508, 38, -27
510, 37, -13
507, 47, 3
504, 47, 21
496, 46, 42
502, 42, 50
497, 47, 70
492, 45, 83
510, 47, 100
513, 51, 131
527, 37, 135
531, 36, 154
534, 33, 159
550, 35, 170
553, 27, 175
575, 9, 190
591, 22, 180
601, 16, 187
604, 12, 188
623, 1, 187
636, -3, 180
650, -2, 173
653, -2, 173
668, -12, 151
680, -7, 144
688, -15, 119
692, -6, 100
691, -15, 86
698, -18, 74
710, -16, 38
707, -22, 28
708, -25, 9
703, -31, -19
698, -28, -34
699, -32, -60
688, -46, -62
689, -58, -83
685, -49, -109
683, -59, -124
672, -66, -118
672, -68, -137
660, -64, -146
659, -63, -142
658, -54, -141
642, -51, -151
648, -67, -141
640, -38, -141
629, -42, -145
627, -49, -136
617, -38, -144
596, -35, -135
587, -18, -149
573, -16, -127
570, -14, -120
549, -5, -114
550, -3, -113
535, 6, -108
526, -2, -94
516, 10, -94
513, 25, -81
507, 22, -70
504, 32, -53
489, 22, -43
483, 28, -29
492, 35, -11
487, 42, -13
482, 50, 8
477, 45, 18
465, 49, 39
468, 38, 47
472, 45, 65
480, 57, 67
477, 47, 90
479, 42, 100
480, 38, 124
502, 40, 125
491, 41, 139
513, 41, 146
540, 47, 142
550, 35, 140
545, 37, 157
561, 41, 149
568, 32, 150
577, 33, 151
593, 35, 127
613, 32, 113
623, 35, 98
626, 32, 75
627, 19, 78
632, 25, 49
645, 12, 34
665, 10, 7
659, 11, -13
660, 5, -29
674, -1, -45
677, -3, -63
684, -19, -70
688, -41, -84
689, -42, -85
699, -50, -105
704, -71, -110
723, -75, -104
734, -75, -111
725, -81, -110
726, -85, -114
736, -88, -104
737, -86, -113
745, -107, -108
742, -97, -105
745, -105, -113
737, -118, -113
755, -107, -108
756, -121, -111
761, -137, -106
764, -145, -114
783, -167, -110
797, -191, -111
793, -201, -120
791, -206, -130
779, -243, -146
772, -274, -159
763, -284, -165
756, -295, -173
740, -304, -187
730, -315, -190
713, -319, -203
699, -325, -214
669, -335, -232
653, -337, -238
637, -319, -248
617, -300, -258
593, -304, -259
580, -281, -264
567, -272, -273
550, -260, -262
537, -237, -269
541, -217, -260
534, -191, -265
520, -195, -259
504, -182, -254
510, -156, -252
508, -137, -233
512, -97, -227
526, -95, -216
535, -79, -204
553, -55, -195
563, -55, -190
589, -49, -183
606, -47, -170
631, -47, -150
651, -42, -135
661, -47, -113
682, -51, -126
684, -55, -115
691, -54, -96
710, -53, -98
720, -53, -78
720, -60, -68
734, -57, -69
731, -57, -37
741, -54, -32
737, -50, -26
742, -60, -18
745, -42, -13
741, -51, -9
730, -50, -18
727, -47, -26
729, -41, -29
727, -40, -23
723, -41, -27
716, -25, -22
711, -25, -29
708, -23, -34
697, -11, -38
691, -20, -32
680, -2, -44
674, -9, -45
646, 1, -36
636, 1, -53
632, 5, -37
627, 18, -42
604, 18, -39
583, 16, -50
578, 27, -40
563, 32, -50
554, 28, -64
544, 28, -81
536, 15, -94
525, -1, -108
522, 1, -118
530, -1, -125
527, -16, -132
523, -12, -141
546, -31, -168
556, -33, -171
560, -47, -192
582, -57, -188
588, -79, -204
593, -97, -217
606, -125, -229
622, -150, -240
618, -169, -257
621, -203, -262
607, -215, -265
606, -234, -269
587, -254, -280
568, -265, -281
549, -261, -270
525, -250, -284
526, -238, -270
491, -236, -270
489, -206, -262
461, -185, -252
467, -149, -242
465, -137, -250
464, -112, -222
467, -92, -204
472, -79, -212
479, -60, -207
486, -49, -193
507, -32, -182
532, -27, -163
537, -14, -165
550, -9, -157
561, -18, -144
580, -6, -135
611, 3, -118
625, 10, -109
636, 1, -80
650, 5, -74
661, -1, -58
694, -16, -55
696, -20, -34
703, -25, -22
730, -19, -11
721, -36, 4
730, -32, 23
737, -29, 38
741, -25, 79
745, -29, 100
731, -28, 124
731, -20, 139
715, -29, 162
691, -12, 176
665, -12, 203
646, -11, 204
625, 2, 208
604, 5, 203
584, 12, 193
565, 19, 177
548, 27, 170
523, 31, 151
506, 31, 139
488, 33, 129
475, 44, 109
458, 38, 86
435, 25, 49
411, 23, 42
411, 27, 45
412, 15, 7
406, 3, -21
396, 1, -31
401, 6, -45
407, 0, -44
403, -9, -50
397, -7, -59
383, -11, -73
406, -16, -83
403, -19, -95
426, -27, -105
434, -16, -122
448, -23, -126
477, -24, -142
507, -32, -165
520, -35, -167
546, -49, -188
564, -67, -193
575, -76, -199
603, -94, -212
612, -114, -216
626, -143, -237
616, -167, -252
623, -169, -252
615, -199, -258
601, -203, -259
589, -215, -270
569, -199, -263
551, -215, -268
546, -207, -265
521, -189, -260
517, -182, -262
504, -162, -257
496, -127, -238
497, -110, -227
479, -102, -214
496, -77, -211
491, -64, -198
496, -49, -188
508, -28, -181
523, -12, -161
525, -6, -155
535, -9, -145
550, 3, -137
560, -3, -135
580, 3, -115
601, 1, -122
618, -1, -108
636, -6, -98
661, -27, -95
683, -15, -86
713, -36, -74
727, -53, -63
745, -53, -55
750, -68, -38
753, -81, -38
773, -92, -23
783, -102, -23
791, -110, -11
799, -114, -4
803, -112, 1
816, -112, 33
808, -130, 65
815, -137, 84
811, -130, 103
803, -136, 130
791, -130, 150
791, -115, 167
784, -127, 193
761, -111, 218
734, -108, 233
739, -93, 231
721, -93, 255
703, -83, 268
684, -63, 257
666, -55, 252
645, -44, 260
635, -44, 243
626, -22, 232
618, -9, 227
612, 5, 206
589, 12, 191
579, 20, 171
585, 27, 142
573, 32, 130
559, 33, 116
568, 37, 90
561, 38, 69
574, 38, 62
573, 47, 48
577, 44, 32
569, 31, 24
579, 44, 9
591, 37, -11
597, 15, -19
612, 10, -42
623, 9, -70
635, -10, -84
645, -20, -104
654, -47, -127
660, -62, -139
665, -67, -146
668, -75, -159
665, -95, -156
656, -99, -172
665, -111, -178
670, -121, -196
648, -127, -203
635, -140, -211
617, -142, -226
597, -145, -231
589, -147, -236
577, -137, -231
561, -132, -231
551, -124, -236
535, -136, -229
534, -129, -238
523, -129, -238
518, -119, -223
497, -110, -224
501, -114, -221
480, -103, -223
469, -102, -214
461, -105, -212
444, -97, -204
440, -88, -193
434, -92, -192
421, -92, -192
416, -89, -180
412, -98, -181
403, -92, -175
392, -85, -178
374, -121, -176
374, -119, -181
363, -149, -180
360, -175, -197
358, -198, -195
354, -230, -193
351, -264, -198
382, -321, -203
380, -351, -190
393, -387, -187
401, -418, -180
431, -447, -170
454, -473, -155
475, -495, -146
488, -508, -126
507, -512, -125
518, -513, -121
526, -531, -119
546, -516, -126
573, -520, -122
618, -509, -127
636, -499, -132
672, -475, -145
688, -461, -146
712, -429, -140
722, -411, -155
737, -398, -137
758, -356, -147
764, -334, -151
778, -291, -146
779, -264, -129
784, -236, -124
780, -206, -120
784, -171, -106
774, -153, -86
759, -106, -64
763, -92, -50
747, -85, -54
750, -68, -36
746, -54, -14
732, -42, -13
726, -31, 14
722, -27, 38
718, -25, 47
707, -19, 60
711, -15, 81
715, -19, 83
711, -23, 104
704, -16, 98
706, -18, 109
717, -24, 105
713, -20, 94
717, -14, 83
718, -31, 84
712, -29, 78
713, -36, 57
727, -19, 53
725, -29, 60
718, -25, 37
718, -23, 22
727, -27, -6
720, -37, -18
708, -38, -44
698, -36, -69
693, -31, -77
680, -28, -96
658, -33, -109
646, -40, -115
640, -33, -134
604, -31, -146
589, -38, -141
573, -40, -155
568, -37, -167
548, -40, -175
530, -42, -180
516, -49, -183
508, -59, -183
491, -59, -193
480, -75, -208
487, -89, -207
478, -101, -221
483, -116, -228
487, -141, -234
496, -155, -245
510, -185, -262
522, -182, -254
541, -204, -268
560, -229, -269
604, -254, -263
629, -260, -254
641, -281, -252
660, -311, -240
682, -320, -229
687, -322, -217
715, -346, -212
720, -346, -197
734, -334, -178
759, -334, -166
765, -322, -172
770, -299, -152
783, -278, -145
784, -243, -134
774, -225, -121
779, -168, -114
764, -129, -96
746, -111, -101
739, -85, -89
727, -55, -75
703, -33, -59
673, -7, -39
663, 2, -34
645, 25, -9
621, 22, 28
612, 36, 47
602, 36, 79
601, 37, 100
591, 24, 125
599, 25, 131
606, 19, 157
621, 16, 170
630, 7, 181
646, -1, 190
658, -18, 201
673, -25, 196
680, -33, 181
715, -42, 180
716, -49, 163
731, -51, 149
750, -63, 135
745, -68, 130
746, -64, 121
759, -62, 106
765, -68, 98
765, -76, 88
759, -75, 64
751, -75, 62
758, -60, 48
749, -67, 22
750, -76, -8
758, -73, -26
746, -80, -54
731, -83, -74
722, -79, -95
698, -72, -114
697, -68, -130
684, -71, -140
668, -64, -161
666, -73, -162
632, -77, -166
620, -75, -173
607, -70, -188
584, -64, -201
570, -60, -197
555, -73, -209
531, -77, -206
520, -79, -207
496, -83, -203
489, -99, -217
483, -106, -216
475, -114, -223
479, -118, -219